0.8499016761779785,0.41426101326942444,7.618488098160014e-07,0.8150976300239563,0.32071438431739807,0.0059865969233214855,0.7617324590682983,0.3075481653213501,0.0023193410597741604,0.7225671410560608,0.34375083446502686,0.0010747131891548634,0.6987794637680054,0.3937346339225769,-0.0027218435425311327,0.7517407536506653,0.2881677448749542,-0.0414506271481514,0.6789761781692505,0.24378246068954468,-0.0569411925971508,0.6372368335723877,0.2123011350631714,-0.06280940026044846,0.6049920320510864,0.18115389347076416,-0.0645257979631424,0.7456045150756836,0.3589421212673187,-0.04710516333580017,0.6684912443161011,0.33126378059387207,-0.06928562372922897,0.6207354664802551,0.3123799264431,-0.0794869065284729,0.5859267115592957,0.29565128684043884,-0.0834239199757576,0.7448804974555969,0.42762449383735657,-0.04745683819055557,0.6678978204727173,0.43440791964530945,-0.06981463730335236,0.6200780868530273,0.43186935782432556,-0.08138324320316315,0.5841485261917114,0.42992880940437317,-0.08570583164691925,0.7498634457588196,0.4857386648654938,-0.04373779892921448,0.7004238963127136,0.45071062445640564,-0.05592644214630127,0.7044954299926758,0.42045828700065613,-0.05249914154410362,0.7147278189659119,0.40074270963668823,-0.04767758026719093,0.9017153978347778,0.4371894299983978,5.224109713708458e-07,0.8524933457374573,0.34132254123687744,0.016907967627048492,0.7890519499778748,0.32042157649993896,0.01734684407711029,0.748744785785675,0.3493257761001587,0.015366108156740665,0.72403484582901,0.38777580857276917,0.010180956684052944,0.7604761719703674,0.294756680727005,-0.02229120396077633,0.6810367703437805,0.24681878089904785,-0.0375947505235672,0.6385340094566345,0.21014437079429626,-0.04372623935341835,0.6052863001823425,0.1771124303340912,-0.04578549787402153,0.7585604786872864,0.3551531136035919,-0.037953462451696396,0.6704674363136292,0.3256697952747345,-0.0575861930847168,0.6193312406539917,0.3043000400066376,-0.06676468253135681,0.5770813226699829,0.28979572653770447,-0.07053190469741821,0.7641563415527344,0.4197183847427368,-0.049514852464199066,0.6757550835609436,0.4309195876121521,-0.06990107148885727,0.6274697780609131,0.4312480688095093,-0.0806669220328331,0.5888943672180176,0.4317629039287567,-0.08458086103200912,0.7788240313529968,0.4764571487903595,-0.05707123130559921,0.7119139432907104,0.4604019224643707,-0.06589410454034805,0.7120860815048218,0.4411357641220093,-0.05972602590918541,0.7232933640480042,0.4289107620716095,-0.05346228554844856,E
0.9052181839942932,0.4265301525592804,4.829030899600184e-07,0.8542972803115845,0.331063836812973,0.019136818125844002,0.7914844751358032,0.3140981197357178,0.02076873928308487,0.7509228587150574,0.34702229499816895,0.019614355638623238,0.72574383020401,0.38821086287498474,0.01537307258695364,0.7645944356918335,0.28053686022758484,-0.01834496669471264,0.6846834421157837,0.2443920075893402,-0.03386526554822922,0.6422207355499268,0.21150629222393036,-0.041362177580595016,0.6073378920555115,0.18057146668434143,-0.04411698505282402,0.7618405222892761,0.34054428339004517,-0.034681592136621475,0.6747130751609802,0.3150728642940521,-0.05291726067662239,0.6230332851409912,0.2953537404537201,-0.06151583790779114,0.5794833302497864,0.2804376482963562,-0.0649956539273262,0.7662374973297119,0.40638694167137146,-0.04697596654295921,0.6793766617774963,0.41814401745796204,-0.06636778265237808,0.6308884024620056,0.42007237672805786,-0.07631687819957733,0.5917413830757141,0.42033958435058594,-0.07946470379829407,0.7799374461174011,0.46519795060157776,-0.05519348755478859,0.7132904529571533,0.44979503750801086,-0.061795156449079514,0.7149738073348999,0.43271467089653015,-0.053508125245571136,0.7269895672798157,0.4219959080219269,-0.04584834724664688,0.0,0.0,0.0,0.0,0.0,0.0,0.0,0.0,0.0,0.0,0.0,0.0,0.0,0.0,0.0,0.0,0.0,0.0,0.0,0.0,0.0,0.0,0.0,0.0,0.0,0.0,0.0,0.0,0.0,0.0,0.0,0.0,0.0,0.0,0.0,0.0,0.0,0.0,0.0,0.0,0.0,0.0,0.0,0.0,0.0,0.0,0.0,0.0,0.0,0.0,0.0,0.0,0.0,0.0,0.0,0.0,0.0,0.0,0.0,0.0,0.0,0.0,0.0,E
0.8583997488021851,0.40390053391456604,6.402122494364448e-07,0.809424638748169,0.3215135633945465,0.04215550795197487,0.7621209025382996,0.31412234902381897,0.0423530712723732,0.7239407896995544,0.34504565596580505,0.042359743267297745,0.6956105828285217,0.3750382363796234,0.03996633365750313,0.7449656128883362,0.2659544348716736,-0.061117082834243774,0.6768462657928467,0.23695826530456543,-0.0871887132525444,0.6371117234230042,0.21516770124435425,-0.10144245624542236,0.6029897332191467,0.19304987788200378,-0.10803233832120895,0.7431314587593079,0.33026599884033203,-0.0764392539858818,0.6717218160629272,0.30922821164131165,-0.11983887106180191,0.6213042736053467,0.2960565686225891,-0.14113962650299072,0.5834808945655823,0.28374484181404114,-0.1538182646036148,0.7455569505691528,0.4063838720321655,-0.07699718326330185,0.6737961173057556,0.41204363107681274,-0.10367590934038162,0.6300700902938843,0.4108599126338959,-0.10348326712846756,0.5899602174758911,0.40763816237449646,-0.09941773861646652,0.7505085468292236,0.4709187150001526,-0.06815502047538757,0.7040097117424011,0.4408324956893921,-0.057091448456048965,0.7087557315826416,0.4133196175098419,-0.029757602140307426,0.7151140570640564,0.39834341406822205,-0.012246208265423775,0.902668833732605,0.42017534375190735,4.6490242766594747e-07,0.8545688390731812,0.32570019364356995,0.019421998411417007,0.791557252407074,0.31093111634254456,0.020476214587688446,0.7472618818283081,0.3403542637825012,0.01921859011054039,0.7181387543678284,0.37657102942466736,0.014870664104819298,0.7649417519569397,0.2741375267505646,-0.023291658610105515,0.6826494336128235,0.24607090651988983,-0.039473626762628555,0.6397223472595215,0.2167661488056183,-0.04700266942381859,0.6048774719238281,0.18843236565589905,-0.04977371543645859,0.7644689083099365,0.33572813868522644,-0.039406441152095795,0.6751444935798645,0.3101543188095093,-0.05780039355158806,0.6234849095344543,0.28945931792259216,-0.066227987408638,0.5807253122329712,0.2726803421974182,-0.07016854733228683,0.769509494304657,0.40280094742774963,-0.05121883749961853,0.6818360686302185,0.4118064343929291,-0.07144436985254288,0.6315345168113708,0.41387465596199036,-0.08326315879821777,0.5924120545387268,0.41440510749816895,-0.08807912468910217,0.7823132276535034,0.4610799551010132,-0.05859171226620674,0.714952826499939,0.4410337507724762,-0.06633982807397842,0.7123264074325562,0.42187660932540894,-0.060740984976291656,0.7200896739959717,0.4107952415943146,-0.05551843345165253,E
0.9061236381530762,0.42065924406051636,3.869638760534144e-07,0.8586117029190063,0.31902918219566345,0.031128305941820145,0.7959832549095154,0.31158342957496643,0.03820539638400078,0.7490444183349609,0.3386841416358948,0.04304205998778343,0.7168905138969421,0.3763965368270874,0.04570530354976654,0.7650882601737976,0.27145838737487793,-0.019469523802399635,0.6839814186096191,0.24646368622779846,-0.0353798046708107,0.6389353275299072,0.22254569828510284,-0.0423508882522583,0.6022642850875854,0.1985882669687271,-0.04394954442977905,0.7646713852882385,0.32994014024734497,-0.03707100450992584,0.676216721534729,0.305952250957489,-0.059716444462537766,0.623084306716919,0.28898191452026367,-0.06803911179304123,0.5806393027305603,0.27513885498046875,-0.0705147236585617,0.7682341933250427,0.39583325386047363,-0.04815537855029106,0.6807863712310791,0.40464791655540466,-0.07103075832128525,0.6314858794212341,0.41003695130348206,-0.07905874401330948,0.5919795632362366,0.4134540855884552,-0.07911434024572372,0.7800374627113342,0.45275869965553284,-0.05302054062485695,0.7136030793190002,0.4352438747882843,-0.05586295202374458,0.7160824537277222,0.4193371832370758,-0.04307200014591217,0.7269874811172485,0.4120677411556244,-0.032249175012111664,0.0,0.0,0.0,0.0,0.0,0.0,0.0,0.0,0.0,0.0,0.0,0.0,0.0,0.0,0.0,0.0,0.0,0.0,0.0,0.0,0.0,0.0,0.0,0.0,0.0,0.0,0.0,0.0,0.0,0.0,0.0,0.0,0.0,0.0,0.0,0.0,0.0,0.0,0.0,0.0,0.0,0.0,0.0,0.0,0.0,0.0,0.0,0.0,0.0,0.0,0.0,0.0,0.0,0.0,0.0,0.0,0.0,0.0,0.0,0.0,0.0,0.0,0.0,E
0.8603067994117737,0.40456122159957886,5.975284693704452e-07,0.8102346062660217,0.3190825879573822,0.044557128101587296,0.7640624046325684,0.3091631233692169,0.04750441759824753,0.7262603640556335,0.3327525556087494,0.05051267519593239,0.6967102289199829,0.35522618889808655,0.05145369470119476,0.745425820350647,0.2611066401004791,-0.05635485425591469,0.6782212853431702,0.2344767451286316,-0.08001428842544556,0.6382439136505127,0.2134290337562561,-0.09257255494594574,0.6040826439857483,0.19241590797901154,-0.09746109694242477,0.7427724599838257,0.3263854682445526,-0.0706968754529953,0.6717625856399536,0.3078468441963196,-0.10961437970399857,0.6215970516204834,0.2957206964492798,-0.12814706563949585,0.5845478773117065,0.2842499911785126,-0.1387752741575241,0.7442848086357117,0.4011743366718292,-0.07031726092100143,0.6741312742233276,0.40662333369255066,-0.09348205476999283,0.6295642852783203,0.40484970808029175,-0.0936526283621788,0.588729977607727,0.40183553099632263,-0.09009832888841629,0.7483300566673279,0.4644663333892822,-0.06032250449061394,0.7055745720863342,0.43844640254974365,-0.046390000730752945,0.7107088565826416,0.41410407423973083,-0.01905945874750614,0.7171206474304199,0.4015289843082428,-0.0014999761478975415,0.9042648673057556,0.4204779863357544,5.202183501751279e-07,0.8570272922515869,0.31881093978881836,0.015822121873497963,0.7929172515869141,0.30503416061401367,0.0171253252774477,0.7461446523666382,0.34088605642318726,0.01738457754254341,0.7176644206047058,0.3854270279407501,0.01515129767358303,0.767731785774231,0.27116310596466064,-0.021635739132761955,0.6827499866485596,0.24229340255260468,-0.03444919362664223,0.6375455856323242,0.2158706933259964,-0.03910600394010544,0.6015133261680603,0.1907946616411209,-0.040051814168691635,0.7644758224487305,0.3343610167503357,-0.034787386655807495,0.6745668649673462,0.30734488368034363,-0.051519159227609634,0.6213493347167969,0.28765302896499634,-0.05842604860663414,0.579759418964386,0.27249497175216675,-0.060655850917100906,0.7671475410461426,0.40246284008026123,-0.04380210116505623,0.6800329685211182,0.41351401805877686,-0.061439722776412964,0.6295604705810547,0.4165380299091339,-0.0707782432436943,0.5913484692573547,0.4191475808620453,-0.07387269288301468,0.7782765626907349,0.46133923530578613,-0.0490003302693367,0.7150315642356873,0.44048216938972473,-0.054821547120809555,0.7168189883232117,0.4212237000465393,-0.04730597510933876,0.7295455932617188,0.40989771485328674,-0.040317270904779434,E
0.9056409597396851,0.42316028475761414,4.2116334952879697e-07,0.8567721843719482,0.3195807933807373,0.03633043169975281,0.7954154014587402,0.3108201324939728,0.04472225531935692,0.748651385307312,0.3378393054008484,0.050219178199768066,0.717545211315155,0.3800480365753174,0.05365018919110298,0.7633026242256165,0.2703110873699188,-0.01680462807416916,0.682734489440918,0.23977883160114288,-0.03065892681479454,0.6377487778663635,0.21290212869644165,-0.0350930355489254,0.6025515198707581,0.1870252788066864,-0.03492147475481033,0.7618064880371094,0.33069318532943726,-0.0353783443570137,0.6739099621772766,0.30434826016426086,-0.06099521741271019,0.6198955178260803,0.2867636978626251,-0.06970864534378052,0.5785561203956604,0.2724645733833313,-0.07142578810453415,0.7664092779159546,0.39803457260131836,-0.04618164524435997,0.6805129051208496,0.40733951330184937,-0.06880199909210205,0.630766749382019,0.41283413767814636,-0.07381796091794968,0.591631293296814,0.41481587290763855,-0.07120747119188309,0.7802218794822693,0.4557701051235199,-0.05023288354277611,0.7163428664207458,0.44086208939552307,-0.050037723034620285,0.7182243466377258,0.4243600368499756,-0.03423966467380524,0.7282385230064392,0.41504794359207153,-0.02108769491314888,0.0,0.0,0.0,0.0,0.0,0.0,0.0,0.0,0.0,0.0,0.0,0.0,0.0,0.0,0.0,0.0,0.0,0.0,0.0,0.0,0.0,0.0,0.0,0.0,0.0,0.0,0.0,0.0,0.0,0.0,0.0,0.0,0.0,0.0,0.0,0.0,0.0,0.0,0.0,0.0,0.0,0.0,0.0,0.0,0.0,0.0,0.0,0.0,0.0,0.0,0.0,0.0,0.0,0.0,0.0,0.0,0.0,0.0,0.0,0.0,0.0,0.0,0.0,E
0.8549388647079468,0.4055030941963196,5.801786642223306e-07,0.8065452575683594,0.31915318965911865,0.050018686801195145,0.7625682353973389,0.30750909447669983,0.054765697568655014,0.7253335118293762,0.32535624504089355,0.05837460979819298,0.695656955242157,0.3362721800804138,0.059822842478752136,0.7441202998161316,0.2585136294364929,-0.05120168626308441,0.6778730750083923,0.23273959755897522,-0.07170501351356506,0.6396880745887756,0.21421486139297485,-0.08320951461791992,0.6065012812614441,0.19465963542461395,-0.08800909668207169,0.7393985390663147,0.32325029373168945,-0.06587578356266022,0.670401930809021,0.3094160258769989,-0.10097137093544006,0.6215655207633972,0.3005390167236328,-0.1199914738535881,0.5847861170768738,0.2900949716567993,-0.13216716051101685,0.7391267418861389,0.39770984649658203,-0.06491293013095856,0.6724786162376404,0.4080084562301636,-0.08122160285711288,0.6297866106033325,0.4079653024673462,-0.079914391040802,0.5903231501579285,0.4049428105354309,-0.07727372646331787,0.7416039705276489,0.45860472321510315,-0.054087184369564056,0.7029320597648621,0.4324783980846405,-0.033769480884075165,0.7045091986656189,0.40909507870674133,-0.0054395608603954315,0.7072291970252991,0.39491698145866394,0.011506094597280025,0.9048073887825012,0.41661813855171204,4.511588258537813e-07,0.8580562472343445,0.31579530239105225,0.0220338087528944,0.7945472598075867,0.30251234769821167,0.025570150464773178,0.7485271096229553,0.33410605788230896,0.027073075994849205,0.7191523313522339,0.377459853887558,0.02561664767563343,0.7649665474891663,0.2690804898738861,-0.01928730681538582,0.6814169883728027,0.2408871352672577,-0.03232329711318016,0.6361691951751709,0.2141357958316803,-0.037038132548332214,0.6008932590484619,0.18881545960903168,-0.037974193692207336,0.7636188268661499,0.3288564383983612,-0.03534548729658127,0.6734700202941895,0.3055574297904968,-0.05342758819460869,0.6212414503097534,0.28802451491355896,-0.06039227917790413,0.5802519917488098,0.27387017011642456,-0.06246446818113327,0.7684667110443115,0.3950690031051636,-0.04650602862238884,0.6797649264335632,0.4088212549686432,-0.06530962884426117,0.6302056908607483,0.4142976701259613,-0.07338404655456543,0.5912382006645203,0.41739243268966675,-0.07516208291053772,0.7826575040817261,0.4545048475265503,-0.05306633934378624,0.7168068885803223,0.43854472041130066,-0.05851755291223526,0.7186006307601929,0.4213361442089081,-0.049233581870794296,0.7301015257835388,0.4112662672996521,-0.04088454321026802,E
0.9046940207481384,0.4184458553791046,4.641048008124926e-07,0.8573654294013977,0.3172433376312256,0.02089790627360344,0.7930510640144348,0.30801281332969666,0.024157168343663216,0.7464523315429688,0.3453623354434967,0.02534603513777256,0.7172328233718872,0.39034929871559143,0.0233779139816761,0.7644646167755127,0.26979300379753113,-0.01901347190141678,0.6818801760673523,0.24054130911827087,-0.03200949355959892,0.6369960308074951,0.2145070880651474,-0.0374564491212368,0.6007863879203796,0.19012252986431122,-0.03940756246447563,0.761756420135498,0.3307265341281891,-0.03492611274123192,0.6734210848808289,0.30454209446907043,-0.05132989585399628,0.6203750371932983,0.285672128200531,-0.05955672264099121,0.5771784782409668,0.2705359160900116,-0.06343457847833633,0.7666118144989014,0.397327184677124,-0.04614682123064995,0.6811621785163879,0.40907108783721924,-0.06374385952949524,0.6302115321159363,0.41362348198890686,-0.07467424124479294,0.589918315410614,0.41723766922950745,-0.07950252294540405,0.7805637717247009,0.4560607075691223,-0.05294719338417053,0.719379186630249,0.43856528401374817,-0.05911190062761307,0.7163925170898438,0.4191226363182068,-0.05337745323777199,0.721865713596344,0.406533807516098,-0.048256754875183105,0.0,0.0,0.0,0.0,0.0,0.0,0.0,0.0,0.0,0.0,0.0,0.0,0.0,0.0,0.0,0.0,0.0,0.0,0.0,0.0,0.0,0.0,0.0,0.0,0.0,0.0,0.0,0.0,0.0,0.0,0.0,0.0,0.0,0.0,0.0,0.0,0.0,0.0,0.0,0.0,0.0,0.0,0.0,0.0,0.0,0.0,0.0,0.0,0.0,0.0,0.0,0.0,0.0,0.0,0.0,0.0,0.0,0.0,0.0,0.0,0.0,0.0,0.0,E
0.8490174412727356,0.4039493799209595,6.468820288318966e-07,0.7957901954650879,0.3181323707103729,0.04742937162518501,0.7535860538482666,0.30473020672798157,0.04644303023815155,0.7188082337379456,0.3277859389781952,0.04442913085222244,0.689976692199707,0.34242406487464905,0.03982430323958397,0.7390913963317871,0.25977692008018494,-0.06495751440525055,0.6735933423042297,0.23289035260677338,-0.09299507737159729,0.6348051428794861,0.21277932822704315,-0.10984679311513901,0.5996379256248474,0.19305457174777985,-0.1184256300330162,0.7368512153625488,0.32370030879974365,-0.08267928659915924,0.6689786911010742,0.3077452480792999,-0.12549594044685364,0.6185209155082703,0.3008127510547638,-0.1481875479221344,0.580339789390564,0.2914736568927765,-0.1631477177143097,0.7378835082054138,0.3985751271247864,-0.08443451672792435,0.6708057522773743,0.40911948680877686,-0.10611744970083237,0.6280807256698608,0.41179701685905457,-0.10350418090820312,0.5873106718063354,0.4099683165550232,-0.10003392398357391,0.7412465810775757,0.45928457379341125,-0.07655350863933563,0.6997501850128174,0.43290239572525024,-0.05949722230434418,0.7013445496559143,0.40743333101272583,-0.028846140950918198,0.7042513489723206,0.39170897006988525,-0.01028277724981308,0.9016074538230896,0.41552186012268066,4.869518761552172e-07,0.8533686995506287,0.3158000707626343,0.020123476162552834,0.7886487245559692,0.3064219355583191,0.02230476215481758,0.7412236332893372,0.3460817337036133,0.022233599796891212,0.7120150327682495,0.39355969429016113,0.018888067454099655,0.7618514895439148,0.26823487877845764,-0.01953490450978279,0.6785456538200378,0.23793761432170868,-0.032655343413352966,0.6338584423065186,0.21051570773124695,-0.038136765360832214,0.5986123085021973,0.18499892950057983,-0.04011424630880356,0.7603538036346436,0.3300832211971283,-0.03534308448433876,0.6710851788520813,0.30564776062965393,-0.05135716125369072,0.6178920865058899,0.2882091701030731,-0.059791192412376404,0.575505256652832,0.2743801474571228,-0.06404558569192886,0.7661926746368408,0.39667442440986633,-0.04657335951924324,0.6801613569259644,0.4118081331253052,-0.0634976476430893,0.6286684274673462,0.41914066672325134,-0.07491698116064072,0.5886791944503784,0.42426788806915283,-0.08052465319633484,0.7802814841270447,0.45526760816574097,-0.0535181388258934,0.7197210192680359,0.438657283782959,-0.060199227184057236,0.7161035537719727,0.4208921194076538,-0.05568281188607216,0.7208497524261475,0.40911826491355896,-0.05152019113302231,E
0.9028290510177612,0.4182148277759552,5.153266329216422e-07,0.8541220426559448,0.3193979263305664,0.018846265971660614,0.7897307872772217,0.30334073305130005,0.020649392157793045,0.7431716322898865,0.33322402834892273,0.020474497228860855,0.7150048017501831,0.37651753425598145,0.0174647718667984,0.7613944411277771,0.27036505937576294,-0.020414775237441063,0.679068386554718,0.2305540293455124,-0.034729041159152985,0.6354786157608032,0.196004256606102,-0.041065193712711334,0.601645827293396,0.16439343988895416,-0.04319128021597862,0.7605969905853271,0.33098605275154114,-0.035384420305490494,0.6699089407920837,0.3071174919605255,-0.05252696946263313,0.6164509654045105,0.28979066014289856,-0.0612822100520134,0.5743719339370728,0.27762874960899353,-0.06541219353675842,0.7663111090660095,0.3971749544143677,-0.0459531769156456,0.6793400049209595,0.4151190221309662,-0.06262562423944473,0.6280227899551392,0.42227715253829956,-0.07299383729696274,0.589197039604187,0.42785999178886414,-0.07748892158269882,0.7799558639526367,0.4556247293949127,-0.05257343500852585,0.7149711847305298,0.44452542066574097,-0.05868073180317879,0.7090920805931091,0.4293440580368042,-0.053452394902706146,0.7130573987960815,0.41937941312789917,-0.04838160052895546,0.0,0.0,0.0,0.0,0.0,0.0,0.0,0.0,0.0,0.0,0.0,0.0,0.0,0.0,0.0,0.0,0.0,0.0,0.0,0.0,0.0,0.0,0.0,0.0,0.0,0.0,0.0,0.0,0.0,0.0,0.0,0.0,0.0,0.0,0.0,0.0,0.0,0.0,0.0,0.0,0.0,0.0,0.0,0.0,0.0,0.0,0.0,0.0,0.0,0.0,0.0,0.0,0.0,0.0,0.0,0.0,0.0,0.0,0.0,0.0,0.0,0.0,0.0,E
0.8489054441452026,0.4046894907951355,6.549344675477187e-07,0.7999556660652161,0.31887784600257874,0.04410379007458687,0.7559508085250854,0.305554062128067,0.04690685123205185,0.7198929786682129,0.3205297589302063,0.05033758282661438,0.692160427570343,0.3377701938152313,0.051747143268585205,0.7379550933837891,0.2615675926208496,-0.06043590232729912,0.6720186471939087,0.22874316573143005,-0.08481068909168243,0.6333143711090088,0.20295171439647675,-0.09739816188812256,0.6004863977432251,0.17749528586864471,-0.10208037495613098,0.7358376979827881,0.3270401358604431,-0.0744989737868309,0.6656042337417603,0.310446560382843,-0.11314331740140915,0.614887535572052,0.3020458221435547,-0.13131704926490784,0.5792675614356995,0.2915567457675934,-0.14199015498161316,0.7377076745033264,0.40217292308807373,-0.07379715889692307,0.6673378944396973,0.4128110706806183,-0.09774082154035568,0.6208375692367554,0.4140785336494446,-0.09914068132638931,0.5798913240432739,0.4135879874229431,-0.09662970900535583,0.7428547739982605,0.4643156826496124,-0.06319320201873779,0.6999424695968628,0.43877819180488586,-0.05103171989321709,0.6993046402931213,0.4084957540035248,-0.02550804615020752,0.7007274627685547,0.39130526781082153,-0.009281197562813759,0.8996891975402832,0.41716742515563965,5.15336068929173e-07,0.8493747115135193,0.3203011155128479,0.019832119345664978,0.7824737429618835,0.31303757429122925,0.022595331072807312,0.7340452075004578,0.3600305914878845,0.023957764729857445,0.7045097351074219,0.4129147231578827,0.02272704616189003,0.758065402507782,0.2726559340953827,-0.018832813948392868,0.6758000254631042,0.23183530569076538,-0.03137483075261116,0.6332656741142273,0.1964186131954193,-0.03666629269719124,0.6001852750778198,0.1642761379480362,-0.03777597099542618,0.755852460861206,0.3367106318473816,-0.03236012905836105,0.6667364835739136,0.3114303946495056,-0.04542333260178566,0.6146209836006165,0.2952831983566284,-0.05115354433655739,0.574192225933075,0.28367263078689575,-0.05351952090859413,0.7603762149810791,0.40373003482818604,-0.04155699908733368,0.6747614741325378,0.42113983631134033,-0.05632972717285156,0.6239628791809082,0.427905410528183,-0.06686567515134811,0.5851728916168213,0.4337056875228882,-0.07171356678009033,0.7735047936439514,0.4583541452884674,-0.04641414061188698,0.7135825157165527,0.4391084313392639,-0.04894028976559639,0.7144532799720764,0.41890135407447815,-0.04182998836040497,0.7249894738197327,0.4067244231700897,-0.03618232160806656,E
0.897390604019165,0.41926902532577515,5.240405585027474e-07,0.8488377928733826,0.3206078112125397,0.018107961863279343,0.7845374345779419,0.3104853928089142,0.02033837139606476,0.739367663860321,0.35403165221214294,0.02108890935778618,0.7110055088996887,0.40497907996177673,0.019061511382460594,0.7564032673835754,0.27527952194213867,-0.019701184704899788,0.6774086356163025,0.23304055631160736,-0.03283189237117767,0.634117841720581,0.19847512245178223,-0.03922523185610771,0.5997503995895386,0.16666370630264282,-0.04147287458181381,0.7514427304267883,0.33860212564468384,-0.03268562629818916,0.6643007397651672,0.3138920068740845,-0.04463973268866539,0.611875057220459,0.2987261414527893,-0.050837527960538864,0.570669412612915,0.2880183458328247,-0.054175153374671936,0.7547951340675354,0.40516725182533264,-0.04148157313466072,0.6714984178543091,0.42375171184539795,-0.05382144823670387,0.622393786907196,0.43101897835731506,-0.06381185352802277,0.5851570963859558,0.4373531639575958,-0.06934817880392075,0.7677516937255859,0.4601082503795624,-0.04653598368167877,0.7118303775787354,0.44328776001930237,-0.049165625125169754,0.7120793461799622,0.42220279574394226,-0.043354328721761703,0.7210946083068848,0.4081880450248718,-0.03874937817454338,0.0,0.0,0.0,0.0,0.0,0.0,0.0,0.0,0.0,0.0,0.0,0.0,0.0,0.0,0.0,0.0,0.0,0.0,0.0,0.0,0.0,0.0,0.0,0.0,0.0,0.0,0.0,0.0,0.0,0.0,0.0,0.0,0.0,0.0,0.0,0.0,0.0,0.0,0.0,0.0,0.0,0.0,0.0,0.0,0.0,0.0,0.0,0.0,0.0,0.0,0.0,0.0,0.0,0.0,0.0,0.0,0.0,0.0,0.0,0.0,0.0,0.0,0.0,E
0.8512980937957764,0.4037986099720001,7.584673653582286e-07,0.8074477314949036,0.3127472698688507,0.022954117506742477,0.7581787705421448,0.3007338345050812,0.0192536823451519,0.717642068862915,0.32333195209503174,0.018834929913282394,0.6877307891845703,0.3629443943500519,0.016312280669808388,0.7467522025108337,0.26913711428642273,-0.06625093519687653,0.6737651228904724,0.22873644530773163,-0.09244459122419357,0.630955696105957,0.20422202348709106,-0.10322299599647522,0.596106231212616,0.1811402291059494,-0.10501309484243393,0.7443317174911499,0.33964237570762634,-0.07422281801700592,0.6639304161071777,0.31868669390678406,-0.11044778674840927,0.6099861264228821,0.3085494637489319,-0.12226331233978271,0.5746452808380127,0.29975244402885437,-0.1259324550628662,0.745169460773468,0.4117872714996338,-0.07148842513561249,0.6662506461143494,0.41992348432540894,-0.10282937437295914,0.6159668564796448,0.42099905014038086,-0.10922949016094208,0.5786441564559937,0.4232461154460907,-0.10651875287294388,0.7496142387390137,0.4720848500728607,-0.060624733567237854,0.6953691244125366,0.4396679699420929,-0.0614999420940876,0.6941318511962891,0.41025662422180176,-0.0428711399435997,0.6999199986457825,0.3945634663105011,-0.02810291014611721,0.8969988822937012,0.42080092430114746,4.921159870718839e-07,0.8500754237174988,0.32045820355415344,0.02219378761947155,0.7874407172203064,0.30847376585006714,0.02606673166155815,0.7409188151359558,0.34222474694252014,0.028681321069598198,0.711519181728363,0.38970279693603516,0.028810005635023117,0.759398341178894,0.2751726806163788,-0.022793352603912354,0.6793605089187622,0.23254238069057465,-0.03762834519147873,0.6355031132698059,0.19886519014835358,-0.04423532634973526,0.6008906960487366,0.1685178279876709,-0.045855600386857986,0.7560847997665405,0.3411288261413574,-0.036290574818849564,0.6656395792961121,0.3154072165489197,-0.05250411108136177,0.612032413482666,0.2990667521953583,-0.05868062749505043,0.5697848200798035,0.28798049688339233,-0.060766469687223434,0.7589165568351746,0.40883004665374756,-0.04470222443342209,0.672918438911438,0.42352452874183655,-0.06130646541714668,0.6231490969657898,0.4306754767894745,-0.07067971676588058,0.5857598781585693,0.43719547986984253,-0.07376424223184586,0.7710226774215698,0.46275240182876587,-0.048382896929979324,0.7092739343643188,0.44506990909576416,-0.05065150931477547,0.7086259126663208,0.42598530650138855,-0.042181286960840225,0.7181494832038879,0.41393744945526123,-0.035012681037187576,E
0.8954524993896484,0.4196318984031677,5.424371352091839e-07,0.8470703363418579,0.3234858810901642,0.02109263651072979,0.7834634184837341,0.31338709592819214,0.024359801784157753,0.7381619215011597,0.3530116677284241,0.025937018916010857,0.7109085917472839,0.402447372674942,0.02476978302001953,0.7553287148475647,0.27723053097724915,-0.019291380420327187,0.6750800013542175,0.2340383231639862,-0.03215625137090683,0.6324918270111084,0.1993422508239746,-0.03699544817209244,0.599465012550354,0.16859976947307587,-0.037633731961250305,0.7513810992240906,0.34193646907806396,-0.03314591944217682,0.6621183156967163,0.31759390234947205,-0.047313813120126724,0.6098281145095825,0.30207088589668274,-0.052830442786216736,0.5693747997283936,0.29166898131370544,-0.05443324148654938,0.7556245923042297,0.4090936481952667,-0.042448222637176514,0.6729148030281067,0.42689648270606995,-0.057801734656095505,0.6233940720558167,0.43552684783935547,-0.06771279126405716,0.5854862332344055,0.44385671615600586,-0.07148243486881256,0.7691184282302856,0.4637320339679718,-0.04729992523789406,0.710043728351593,0.44425007700920105,-0.050019729882478714,0.70869380235672,0.42378559708595276,-0.04284685477614403,0.7166925668716431,0.41138434410095215,-0.036673881113529205,0.0,0.0,0.0,0.0,0.0,0.0,0.0,0.0,0.0,0.0,0.0,0.0,0.0,0.0,0.0,0.0,0.0,0.0,0.0,0.0,0.0,0.0,0.0,0.0,0.0,0.0,0.0,0.0,0.0,0.0,0.0,0.0,0.0,0.0,0.0,0.0,0.0,0.0,0.0,0.0,0.0,0.0,0.0,0.0,0.0,0.0,0.0,0.0,0.0,0.0,0.0,0.0,0.0,0.0,0.0,0.0,0.0,0.0,0.0,0.0,0.0,0.0,0.0,E
0.8507124781608582,0.40502604842185974,6.669148433502414e-07,0.7967217564582825,0.3217412531375885,0.04391235485672951,0.7518205642700195,0.3107583820819855,0.04068969562649727,0.713846743106842,0.33616316318511963,0.03718850761651993,0.6828761100769043,0.35763972997665405,0.031068336218595505,0.7373509407043457,0.2680761218070984,-0.06932929158210754,0.6724509596824646,0.23114359378814697,-0.09948737174272537,0.632908284664154,0.2029145509004593,-0.11615562438964844,0.5995174050331116,0.17735181748867035,-0.12376730889081955,0.7369855046272278,0.33668506145477295,-0.08484622091054916,0.664402186870575,0.325809508562088,-0.1288602650165558,0.6131510734558105,0.31985941529273987,-0.14834614098072052,0.5762803554534912,0.31374162435531616,-0.16014012694358826,0.7407955527305603,0.41132375597953796,-0.08503207564353943,0.6706877946853638,0.42439115047454834,-0.11000809818506241,0.624786376953125,0.4284927248954773,-0.1069641262292862,0.5854202508926392,0.43065449595451355,-0.10154013335704803,0.7462825179100037,0.47143852710723877,-0.0756208747625351,0.7000198364257812,0.4447093605995178,-0.06370007991790771,0.6953523755073547,0.4164746403694153,-0.036201827228069305,0.6926950812339783,0.39744696021080017,-0.018504638224840164,0.8972403407096863,0.421861469745636,4.780108042723441e-07,0.8488172292709351,0.32484444975852966,0.02123425528407097,0.7861372828483582,0.3115697205066681,0.02412329986691475,0.7403403520584106,0.3441649377346039,0.025281738489866257,0.7108855843544006,0.3885582983493805,0.023451469838619232,0.7570179104804993,0.27701401710510254,-0.02248040772974491,0.6774278283119202,0.23274269700050354,-0.03769233450293541,0.6343992352485657,0.19643238186836243,-0.04538726434111595,0.6004043221473694,0.1635594367980957,-0.048357270658016205,0.7560880780220032,0.3419908583164215,-0.03733509033918381,0.6650169491767883,0.32079365849494934,-0.05237259715795517,0.6119138598442078,0.3072328567504883,-0.060622088611125946,0.5691555738449097,0.2985840141773224,-0.06533586978912354,0.7619404792785645,0.40912938117980957,-0.04735637828707695,0.6759079098701477,0.4262913763523102,-0.06177115440368652,0.6255876421928406,0.43549203872680664,-0.07234691828489304,0.5868796706199646,0.44395285844802856,-0.07780581712722778,0.7766035795211792,0.4630530774593353,-0.053068608045578,0.7129825353622437,0.4491037428379059,-0.05595480278134346,0.7059659361839294,0.4320457875728607,-0.05007076635956764,0.7081813216209412,0.42187899351119995,-0.04538550227880478,E
0.8948311805725098,0.42417195439338684,4.851588073506719e-07,0.8478800058364868,0.32537373900413513,0.022295644506812096,0.7838659882545471,0.3122599720954895,0.026403091847896576,0.7355756163597107,0.34560295939445496,0.029242709279060364,0.7054723501205444,0.3926589787006378,0.029546663165092468,0.7550703883171082,0.2788839042186737,-0.021927522495388985,0.6758977770805359,0.23162336647510529,-0.03628760203719139,0.6336089968681335,0.1929233819246292,-0.04261304810643196,0.6010109186172485,0.15898838639259338,-0.044241029769182205,0.7541369199752808,0.3449220657348633,-0.035844068974256516,0.6615376472473145,0.3230746388435364,-0.051418907940387726,0.6088695526123047,0.30992743372917175,-0.057616669684648514,0.567699670791626,0.30291831493377686,-0.05994030088186264,0.7596607208251953,0.4131653308868408,-0.044820062816143036,0.6730215549468994,0.4298434257507324,-0.05987202003598213,0.6227414608001709,0.4362281262874603,-0.06880828738212585,0.584499716758728,0.4431488811969757,-0.07208693027496338,0.7747739553451538,0.4670720100402832,-0.049245886504650116,0.7112930417060852,0.4480458199977875,-0.05051003396511078,0.7061272263526917,0.4286673069000244,-0.04258560389280319,0.7112120985984802,0.4179384708404541,-0.03613496199250221,0.0,0.0,0.0,0.0,0.0,0.0,0.0,0.0,0.0,0.0,0.0,0.0,0.0,0.0,0.0,0.0,0.0,0.0,0.0,0.0,0.0,0.0,0.0,0.0,0.0,0.0,0.0,0.0,0.0,0.0,0.0,0.0,0.0,0.0,0.0,0.0,0.0,0.0,0.0,0.0,0.0,0.0,0.0,0.0,0.0,0.0,0.0,0.0,0.0,0.0,0.0,0.0,0.0,0.0,0.0,0.0,0.0,0.0,0.0,0.0,0.0,0.0,0.0,E
0.8513195514678955,0.40321341156959534,7.046299970170367e-07,0.8043201565742493,0.3183762729167938,0.0300863366574049,0.7535359263420105,0.30515044927597046,0.028419580310583115,0.7102339267730713,0.325600802898407,0.028269276022911072,0.6787710189819336,0.3589858412742615,0.02536419779062271,0.7446429133415222,0.26993635296821594,-0.061572179198265076,0.674002468585968,0.22700732946395874,-0.08636496216058731,0.6329675912857056,0.19844387471675873,-0.0961228460073471,0.6002811193466187,0.1693851351737976,-0.09790417551994324,0.7438885569572449,0.34044963121414185,-0.07257302850484848,0.6638355255126953,0.32327523827552795,-0.10977768898010254,0.609919548034668,0.3155982792377472,-0.12269246578216553,0.57267165184021,0.30789053440093994,-0.12762349843978882,0.7469850778579712,0.4117150604724884,-0.07194629311561584,0.668487012386322,0.42308109998703003,-0.10322305560112,0.6192232966423035,0.4292776882648468,-0.10915020108222961,0.582449197769165,0.4352706968784332,-0.10663141310214996,0.7527327537536621,0.4726451337337494,-0.0625685453414917,0.6965685486793518,0.4430474638938904,-0.06489595770835876,0.6937568783760071,0.41723090410232544,-0.04794199764728546,0.6962915062904358,0.40134498476982117,-0.03447163477540016,0.8958494663238525,0.422053724527359,4.716429486961715e-07,0.8481248021125793,0.32255038619041443,0.02488488145172596,0.7841475009918213,0.3110247254371643,0.02991120144724846,0.7361668944358826,0.346744179725647,0.03367555886507034,0.7057135701179504,0.39374473690986633,0.03468924015760422,0.7554100751876831,0.2775890827178955,-0.022357242181897163,0.676849901676178,0.23171305656433105,-0.03755946457386017,0.6345108151435852,0.19301444292068481,-0.04498390108346939,0.6015989184379578,0.15865758061408997,-0.04708675667643547,0.7541254162788391,0.34344932436943054,-0.03656834736466408,0.6624008417129517,0.323260098695755,-0.05101366713643074,0.6098675727844238,0.31011176109313965,-0.0566416010260582,0.5693085789680481,0.3030166029930115,-0.059009552001953125,0.759156346321106,0.4110810458660126,-0.04548380896449089,0.6718152761459351,0.4301012456417084,-0.060419462621212006,0.6207642555236816,0.4385664761066437,-0.06988439708948135,0.5821817517280579,0.4469509720802307,-0.07378635555505753,0.7735084295272827,0.4647022485733032,-0.049317408353090286,0.7119967937469482,0.4447469115257263,-0.04945894330739975,0.71027010679245,0.42345523834228516,-0.04056134819984436,0.7186242938041687,0.4108246862888336,-0.03384827822446823,E
0.895438551902771,0.4260141849517822,5.150805577613937e-07,0.8477842211723328,0.32414358854293823,0.020576920360326767,0.7842376828193665,0.3128981590270996,0.0239360760897398,0.7371187806129456,0.35115954279899597,0.026377225294709206,0.7070940136909485,0.3994523584842682,0.026187235489487648,0.754969596862793,0.28056761622428894,-0.02341463603079319,0.6767941117286682,0.231642484664917,-0.038089390844106674,0.6346226334571838,0.19292137026786804,-0.04511594399809837,0.6014024615287781,0.15907663106918335,-0.0471576452255249,0.7521047592163086,0.3466589152812958,-0.03629157692193985,0.6629369258880615,0.320641428232193,-0.04925623908638954,0.6099180579185486,0.30463430285453796,-0.0547914057970047,0.5689637660980225,0.2957669496536255,-0.05740524083375931,0.7569481730461121,0.41413912177085876,-0.04447969049215317,0.6724444627761841,0.4324784576892853,-0.05818921700119972,0.6214388012886047,0.4420369565486908,-0.06832481920719147,0.5833613872528076,0.4514192044734955,-0.0732383280992508,0.7713538408279419,0.46635034680366516,-0.048223670572042465,0.7118548154830933,0.4496849775314331,-0.04969484359025955,0.709037184715271,0.43050307035446167,-0.04271390661597252,0.7159402966499329,0.41943851113319397,-0.03726079687476158,0.0,0.0,0.0,0.0,0.0,0.0,0.0,0.0,0.0,0.0,0.0,0.0,0.0,0.0,0.0,0.0,0.0,0.0,0.0,0.0,0.0,0.0,0.0,0.0,0.0,0.0,0.0,0.0,0.0,0.0,0.0,0.0,0.0,0.0,0.0,0.0,0.0,0.0,0.0,0.0,0.0,0.0,0.0,0.0,0.0,0.0,0.0,0.0,0.0,0.0,0.0,0.0,0.0,0.0,0.0,0.0,0.0,0.0,0.0,0.0,0.0,0.0,0.0,E
0.854987382888794,0.4069496989250183,7.00770669936901e-07,0.798137903213501,0.3263302147388458,0.047378331422805786,0.7523636817932129,0.31574270129203796,0.04767182096838951,0.7154545187950134,0.33724021911621094,0.04758790507912636,0.6860085725784302,0.3636515140533447,0.04486033692955971,0.7347714304924011,0.2695635259151459,-0.06554645299911499,0.6719654202461243,0.22938290238380432,-0.0925428718328476,0.6333064436912537,0.19802558422088623,-0.10535965859889984,0.6012097001075745,0.16842059791088104,-0.10982803255319595,0.7348852157592773,0.33578160405158997,-0.08173070847988129,0.6635493040084839,0.3218250572681427,-0.12412890046834946,0.6115596890449524,0.3146270513534546,-0.14130127429962158,0.5753716230392456,0.30435386300086975,-0.1510494500398636,0.7396984100341797,0.41129907965660095,-0.08241578191518784,0.6694658398628235,0.42591825127601624,-0.10988254100084305,0.6217635273933411,0.4314877688884735,-0.10975167155265808,0.5809688568115234,0.43569520115852356,-0.10544154793024063,0.7467095255851746,0.4740370213985443,-0.07254093885421753,0.6981356143951416,0.4460313320159912,-0.061394017189741135,0.6952111124992371,0.4152317941188812,-0.034244999289512634,0.6953199505805969,0.39766573905944824,-0.01682169921696186,0.8984530568122864,0.4244748055934906,4.720172341876605e-07,0.8489255905151367,0.3263533413410187,0.027935054153203964,0.7855770587921143,0.3162311017513275,0.033264923840761185,0.738994836807251,0.34779319167137146,0.0365416444838047,0.7082811594009399,0.3936181664466858,0.03705618157982826,0.755194365978241,0.28002408146858215,-0.022094737738370895,0.6769655346870422,0.2324589043855667,-0.0381031334400177,0.6348932981491089,0.19407665729522705,-0.04557517170906067,0.6018450260162354,0.1593618392944336,-0.04756087809801102,0.7549903988838196,0.3453386425971985,-0.03820422291755676,0.6643699407577515,0.3202756345272064,-0.05535973235964775,0.611336350440979,0.3042900860309601,-0.06244884058833122,0.5691461563110352,0.294495165348053,-0.06549178808927536,0.7614970207214355,0.41180527210235596,-0.04851409047842026,0.6750105023384094,0.4307936131954193,-0.06543653458356857,0.6241844892501831,0.44306498765945435,-0.07512587308883667,0.5857298374176025,0.4538232684135437,-0.07849845290184021,0.7772107124328613,0.46409156918525696,-0.05335324630141258,0.7113661170005798,0.44707009196281433,-0.05414782464504242,0.7062038779258728,0.42854493856430054,-0.04515129327774048,0.7110149264335632,0.41720840334892273,-0.03813130035996437,E
0.8978844881057739,0.42296671867370605,4.7450964757445036e-07,0.8478423357009888,0.3262704610824585,0.025811275467276573,0.7834963202476501,0.31635862588882446,0.030278299003839493,0.7356371283531189,0.34986305236816406,0.032896801829338074,0.703472912311554,0.395070880651474,0.032831378281116486,0.7542572617530823,0.2782575488090515,-0.022518154233694077,0.6758592128753662,0.23262719810009003,-0.03877270966768265,0.6341661214828491,0.19355545938014984,-0.047057487070560455,0.601227343082428,0.15756583213806152,-0.04973644018173218,0.7543163299560547,0.3428284525871277,-0.03800265118479729,0.6639199256896973,0.3199162781238556,-0.05268505960702896,0.6111001372337341,0.30441510677337646,-0.05924193561077118,0.5695721507072449,0.2946995198726654,-0.06267845630645752,0.7615317106246948,0.40939241647720337,-0.0481790266931057,0.6751209497451782,0.43291857838630676,-0.06335125118494034,0.6244984269142151,0.4472724497318268,-0.07371951639652252,0.5863221287727356,0.4587342143058777,-0.07842087745666504,0.7776719927787781,0.4622310400009155,-0.05321221798658371,0.7130796909332275,0.4495048522949219,-0.054596468806266785,0.7063896656036377,0.43265998363494873,-0.047311391681432724,0.709420919418335,0.4219111502170563,-0.041775573045015335,0.0,0.0,0.0,0.0,0.0,0.0,0.0,0.0,0.0,0.0,0.0,0.0,0.0,0.0,0.0,0.0,0.0,0.0,0.0,0.0,0.0,0.0,0.0,0.0,0.0,0.0,0.0,0.0,0.0,0.0,0.0,0.0,0.0,0.0,0.0,0.0,0.0,0.0,0.0,0.0,0.0,0.0,0.0,0.0,0.0,0.0,0.0,0.0,0.0,0.0,0.0,0.0,0.0,0.0,0.0,0.0,0.0,0.0,0.0,0.0,0.0,0.0,0.0,E
0.8560332655906677,0.4091087579727173,7.356094329225016e-07,0.8018811345100403,0.3255910277366638,0.04222680628299713,0.7542060613632202,0.3146868050098419,0.041388139128685,0.7141013741493225,0.3339574933052063,0.040631670504808426,0.6833487749099731,0.3614836037158966,0.037699371576309204,0.7401898503303528,0.26941484212875366,-0.06378916651010513,0.674613893032074,0.22363659739494324,-0.09013187885284424,0.6352976560592651,0.19156070053577423,-0.10137192904949188,0.603010356426239,0.16131474077701569,-0.10437722504138947,0.7384873628616333,0.3388530910015106,-0.07846078276634216,0.6648698449134827,0.31979817152023315,-0.12038987129926682,0.6113550662994385,0.30923718214035034,-0.13591362535953522,0.5746132135391235,0.29691821336746216,-0.1435360163450241,0.7415063977241516,0.414429247379303,-0.07888781279325485,0.6695736646652222,0.42774227261543274,-0.10761368274688721,0.6216045022010803,0.4353737533092499,-0.10828333348035812,0.5821793079376221,0.4404291808605194,-0.10350357741117477,0.7469114661216736,0.47590288519859314,-0.06941954791545868,0.696592390537262,0.4459330141544342,-0.061129216104745865,0.6925231218338013,0.41645264625549316,-0.03648500517010689,0.6910443305969238,0.39871057868003845,-0.01988070085644722,0.8984089493751526,0.4235007166862488,4.790247771779832e-07,0.8482964634895325,0.3253713548183441,0.024553772062063217,0.783986508846283,0.3148219883441925,0.02885989286005497,0.735666811466217,0.3487672209739685,0.031345270574092865,0.7036438584327698,0.39488884806632996,0.031120942905545235,0.7554082274436951,0.2793925404548645,-0.021602675318717957,0.677175760269165,0.2311394363641739,-0.03699224442243576,0.6356203556060791,0.19114546477794647,-0.044852808117866516,0.6026617288589478,0.1542649120092392,-0.047710221260786057,0.7543937563896179,0.3449772596359253,-0.03662841022014618,0.6646131873130798,0.32065635919570923,-0.05126625671982765,0.6124754548072815,0.3044479191303253,-0.05888376384973526,0.5704018473625183,0.2943335175514221,-0.06332661211490631,0.760478675365448,0.4116716682910919,-0.04642350599169731,0.673977792263031,0.4344077706336975,-0.06076016649603844,0.623799741268158,0.44826632738113403,-0.07143642753362656,0.585324227809906,0.45988431572914124,-0.0769265666604042,0.7759265303611755,0.4641905128955841,-0.05137765780091286,0.711061954498291,0.45105594396591187,-0.052769117057323456,0.7046190500259399,0.43450888991355896,-0.04639006406068802,0.7070091962814331,0.42381253838539124,-0.04177035391330719,E
0.8996553421020508,0.42382872104644775,5.053267955190677e-07,0.8478381633758545,0.32638314366340637,0.024871502071619034,0.7837305665016174,0.3161054253578186,0.02907218039035797,0.7361341714859009,0.3502366840839386,0.031584061682224274,0.7046806812286377,0.39703136682510376,0.03148704767227173,0.7566400766372681,0.2815758287906647,-0.022878695279359818,0.6782640814781189,0.2306615710258484,-0.03914172574877739,0.6363124847412109,0.19030481576919556,-0.0466977134346962,0.6035007834434509,0.1527511030435562,-0.04877586290240288,0.7560724020004272,0.3458813726902008,-0.03798741102218628,0.6652266979217529,0.31971219182014465,-0.055205538868904114,0.6124017238616943,0.3026762902736664,-0.06251022219657898,0.5706506371498108,0.2916373908519745,-0.06561524420976639,0.7625129818916321,0.41164472699165344,-0.04772906377911568,0.6745513677597046,0.43479034304618835,-0.06506436318159103,0.6241114139556885,0.4484322667121887,-0.07540800422430038,0.5861549377441406,0.4592108726501465,-0.07917320728302002,0.7789227366447449,0.4641716182231903,-0.05229508876800537,0.7114649415016174,0.45073530077934265,-0.05403626710176468,0.7067644596099854,0.43247270584106445,-0.045780863612890244,0.7128353118896484,0.4198731482028961,-0.03917185589671135,0.0,0.0,0.0,0.0,0.0,0.0,0.0,0.0,0.0,0.0,0.0,0.0,0.0,0.0,0.0,0.0,0.0,0.0,0.0,0.0,0.0,0.0,0.0,0.0,0.0,0.0,0.0,0.0,0.0,0.0,0.0,0.0,0.0,0.0,0.0,0.0,0.0,0.0,0.0,0.0,0.0,0.0,0.0,0.0,0.0,0.0,0.0,0.0,0.0,0.0,0.0,0.0,0.0,0.0,0.0,0.0,0.0,0.0,0.0,0.0,0.0,0.0,0.0,E
0.8579784631729126,0.40904828906059265,7.659625111955393e-07,0.8040632009506226,0.32215192914009094,0.038677871227264404,0.7549445629119873,0.31075647473335266,0.03635453060269356,0.7120257019996643,0.3309876024723053,0.03412570804357529,0.6793296337127686,0.35993507504463196,0.029102401807904243,0.7394157648086548,0.2721251845359802,-0.06429137289524078,0.6712185740470886,0.22454673051834106,-0.09327339380979538,0.6294500231742859,0.1916879266500473,-0.10642258822917938,0.5962292551994324,0.16019220650196075,-0.11015964299440384,0.7407216429710388,0.3415360748767853,-0.07837516069412231,0.6636399030685425,0.32461613416671753,-0.120682492852211,0.6085954904556274,0.31173333525657654,-0.13532280921936035,0.5726127028465271,0.29919424653053284,-0.14172257483005524,0.7477062940597534,0.41600823402404785,-0.0792321190237999,0.669341504573822,0.4354228079319,-0.11154185235500336,0.6204886436462402,0.4408983588218689,-0.1133534163236618,0.583138108253479,0.44418320059776306,-0.10814908146858215,0.7567973732948303,0.4784272015094757,-0.07030624151229858,0.6991047263145447,0.4553205668926239,-0.06803432106971741,0.6956328749656677,0.4280646741390228,-0.04548792541027069,0.697171151638031,0.4104005992412567,-0.028992971405386925,0.8980973958969116,0.421607106924057,5.110417760079145e-07,0.8452966213226318,0.3242145776748657,0.025906594470143318,0.7829200625419617,0.3141978681087494,0.03073064051568508,0.736754298210144,0.34901195764541626,0.033917222172021866,0.7071573138237,0.39859214425086975,0.03457525745034218,0.7557513117790222,0.28173527121543884,-0.021925320848822594,0.6779662370681763,0.2305547595024109,-0.0380098894238472,0.636033833026886,0.18966442346572876,-0.04565971717238426,0.603100597858429,0.15175001323223114,-0.04771307483315468,0.7548942565917969,0.3463596999645233,-0.037067826837301254,0.6642066240310669,0.31982702016830444,-0.05396503955125809,0.6119354963302612,0.3030591905117035,-0.06062876805663109,0.5703155398368835,0.2922183573246002,-0.06316833198070526,0.7607463598251343,0.4129183292388916,-0.046743910759687424,0.6741303205490112,0.43488675355911255,-0.06331775337457657,0.6246073246002197,0.4473687410354614,-0.07222454994916916,0.5868543386459351,0.45765647292137146,-0.07490196824073792,0.7769010663032532,0.46624720096588135,-0.051287226378917694,0.7098070979118347,0.45219656825065613,-0.05154452100396156,0.7057790756225586,0.43369588255882263,-0.041575707495212555,0.7125378847122192,0.4217566251754761,-0.03372254967689514,E
0.8978639841079712,0.42331382632255554,5.13920213052188e-07,0.8471129536628723,0.32573047280311584,0.028122039511799812,0.7847371101379395,0.3148699998855591,0.034808505326509476,0.7382699251174927,0.3471442461013794,0.03954772278666496,0.7086731791496277,0.39325863122940063,0.041914213448762894,0.7538125514984131,0.2809353470802307,-0.017392965033650398,0.6763688325881958,0.2300388664007187,-0.031496282666921616,0.6348090767860413,0.1894570142030716,-0.037749502807855606,0.6029362082481384,0.15221083164215088,-0.0389428474009037,0.7515158653259277,0.3464418351650238,-0.03260449320077896,0.66173255443573,0.32045745849609375,-0.047853242605924606,0.6102781891822815,0.3033168315887451,-0.05359746515750885,0.5698882937431335,0.2919633090496063,-0.055381786078214645,0.757061243057251,0.41399452090263367,-0.04229804128408432,0.6721906065940857,0.4360922873020172,-0.05775417014956474,0.6230962872505188,0.44921934604644775,-0.0663851723074913,0.5858935713768005,0.4601094126701355,-0.06891456991434097,0.7734076976776123,0.46721798181533813,-0.046663641929626465,0.7099683284759521,0.4495299458503723,-0.045865338295698166,0.7069771885871887,0.43044036626815796,-0.035800620913505554,0.713538408279419,0.41791966557502747,-0.02792050689458847,0.0,0.0,0.0,0.0,0.0,0.0,0.0,0.0,0.0,0.0,0.0,0.0,0.0,0.0,0.0,0.0,0.0,0.0,0.0,0.0,0.0,0.0,0.0,0.0,0.0,0.0,0.0,0.0,0.0,0.0,0.0,0.0,0.0,0.0,0.0,0.0,0.0,0.0,0.0,0.0,0.0,0.0,0.0,0.0,0.0,0.0,0.0,0.0,0.0,0.0,0.0,0.0,0.0,0.0,0.0,0.0,0.0,0.0,0.0,0.0,0.0,0.0,0.0,E
0.8571207523345947,0.4097554087638855,7.778541544212203e-07,0.8032376766204834,0.3215271830558777,0.0412401519715786,0.7557307481765747,0.31292563676834106,0.04007978364825249,0.7152371406555176,0.33457621932029724,0.038421306759119034,0.6842175722122192,0.36752256751060486,0.034034520387649536,0.7391159534454346,0.2718343436717987,-0.06016616150736809,0.6705968379974365,0.22425176203250885,-0.08772964030504227,0.6291671991348267,0.1912057101726532,-0.10052404552698135,0.5958251953125,0.15933093428611755,-0.10442539304494858,0.7399478554725647,0.34096282720565796,-0.07566959410905838,0.6626167297363281,0.3236064910888672,-0.11697206646203995,0.6077015399932861,0.3106743097305298,-0.1326991766691208,0.5704785585403442,0.29788750410079956,-0.1402292549610138,0.7467979192733765,0.41608884930610657,-0.07774046808481216,0.6691368222236633,0.43730705976486206,-0.10908211022615433,0.6197224855422974,0.4431866705417633,-0.11229345202445984,0.5813012719154358,0.44681861996650696,-0.10856383293867111,0.756122887134552,0.4783150553703308,-0.06983576714992523,0.7000768780708313,0.45578861236572266,-0.06651116162538528,0.6945173144340515,0.4270865023136139,-0.04452500864863396,0.6935381889343262,0.4081844687461853,-0.028948208317160606,0.8991317749023438,0.4238824248313904,4.947251568410138e-07,0.8469198346138,0.32575950026512146,0.026659073308110237,0.7819900512695312,0.3180793821811676,0.03220470994710922,0.7348257899284363,0.3572101294994354,0.03585948795080185,0.704962968826294,0.40809205174446106,0.036874882876873016,0.7543870210647583,0.27929458022117615,-0.019609708338975906,0.6762775778770447,0.23031505942344666,-0.03413518890738487,0.6347106099128723,0.19129012525081635,-0.04068353399634361,0.6022934317588806,0.15474388003349304,-0.04221995547413826,0.753684401512146,0.34486904740333557,-0.03507359325885773,0.6637449860572815,0.319706529378891,-0.050569139420986176,0.6116023063659668,0.3037045896053314,-0.0571666918694973,0.5702954530715942,0.2933807969093323,-0.0598958320915699,0.7603540420532227,0.4114156663417816,-0.04509694129228592,0.673891544342041,0.4341975450515747,-0.06141873449087143,0.6242108345031738,0.4482155442237854,-0.0716487392783165,0.5862295627593994,0.46053948998451233,-0.07537779211997986,0.7768478393554688,0.4637625813484192,-0.04976774752140045,0.7100793123245239,0.4479140341281891,-0.050280261784791946,0.7067574262619019,0.4286114275455475,-0.041307803243398666,0.7139858603477478,0.416547566652298,-0.03434418886899948,E
0.8986897468566895,0.42139020562171936,4.845160219701938e-07,0.8459195494651794,0.32579055428504944,0.026017937809228897,0.780830442905426,0.318857878446579,0.03038186952471733,0.7333191633224487,0.35619333386421204,0.03255615755915642,0.7020103335380554,0.4047341048717499,0.031767308712005615,0.7533393502235413,0.2801722586154938,-0.021260466426610947,0.6763463616371155,0.23072336614131927,-0.03678695484995842,0.6352701187133789,0.1904960423707962,-0.044563572853803635,0.6024633646011353,0.15313050150871277,-0.04730284959077835,0.7529783248901367,0.34441497921943665,-0.037420861423015594,0.6639938354492188,0.3195674419403076,-0.05236010625958443,0.6121651530265808,0.30336156487464905,-0.059884458780288696,0.5703915357589722,0.29246628284454346,-0.06420090049505234,0.759941577911377,0.41018611192703247,-0.04825799539685249,0.6732176542282104,0.4344027638435364,-0.06365764886140823,0.6232722401618958,0.4489331543445587,-0.0747985914349556,0.5848658680915833,0.460324764251709,-0.0803605392575264,0.776337206363678,0.462690532207489,-0.053981877863407135,0.7100709080696106,0.4491960406303406,-0.05584010109305382,0.7041773200035095,0.43136176466941833,-0.04930564761161804,0.7075286507606506,0.4190731346607208,-0.044604457914829254,0.0,0.0,0.0,0.0,0.0,0.0,0.0,0.0,0.0,0.0,0.0,0.0,0.0,0.0,0.0,0.0,0.0,0.0,0.0,0.0,0.0,0.0,0.0,0.0,0.0,0.0,0.0,0.0,0.0,0.0,0.0,0.0,0.0,0.0,0.0,0.0,0.0,0.0,0.0,0.0,0.0,0.0,0.0,0.0,0.0,0.0,0.0,0.0,0.0,0.0,0.0,0.0,0.0,0.0,0.0,0.0,0.0,0.0,0.0,0.0,0.0,0.0,0.0,E
0.8561540246009827,0.4088388979434967,7.654355727026996e-07,0.7990332245826721,0.32619476318359375,0.04481096938252449,0.752371072769165,0.31547605991363525,0.043144404888153076,0.7134106159210205,0.3332381248474121,0.040370259433984756,0.6814489960670471,0.3583793640136719,0.034598514437675476,0.7360421419143677,0.27068451046943665,-0.06149858236312866,0.6689807176589966,0.22521638870239258,-0.08808931708335876,0.6285037398338318,0.19349907338619232,-0.09906985610723495,0.5963665843009949,0.1639755219221115,-0.10163871943950653,0.7381016612052917,0.3393847644329071,-0.07838879525661469,0.6634418368339539,0.32610803842544556,-0.1207016259431839,0.6095717549324036,0.3156643211841583,-0.13545078039169312,0.5735512375831604,0.3027549982070923,-0.14231622219085693,0.7456120252609253,0.414761483669281,-0.08112041652202606,0.6708706617355347,0.4361279308795929,-0.11188537627458572,0.6214624047279358,0.44254669547080994,-0.11337535828351974,0.5826475024223328,0.4451906979084015,-0.10884249955415726,0.7548514008522034,0.47853660583496094,-0.07342880219221115,0.7001795768737793,0.4562988579273224,-0.06810656934976578,0.6945170164108276,0.4286949932575226,-0.04449736326932907,0.6933044195175171,0.4094676077365875,-0.028309915214776993,0.8989881277084351,0.42164894938468933,5.337991524356767e-07,0.8479685187339783,0.32507413625717163,0.02302679605782032,0.7836571335792542,0.3150895833969116,0.026812156662344933,0.7370764017105103,0.34864088892936707,0.028967833146452904,0.7072193026542664,0.3958792984485626,0.028322242200374603,0.7536718249320984,0.2813907861709595,-0.022218259051442146,0.6757593154907227,0.23008637130260468,-0.037084802985191345,0.634218692779541,0.18954284489154816,-0.04399893805384636,0.6016322374343872,0.15264637768268585,-0.046117234975099564,0.75193190574646,0.3464461863040924,-0.03671357408165932,0.6628092527389526,0.3217063546180725,-0.051495280116796494,0.610943615436554,0.3038609027862549,-0.058580879122018814,0.5700024962425232,0.29167845845222473,-0.06219686567783356,0.7582536339759827,0.41309434175491333,-0.04618028178811073,0.6725672483444214,0.4379124343395233,-0.061449069529771805,0.6229409575462341,0.4518699049949646,-0.07254645228385925,0.585265576839447,0.46283450722694397,-0.07794415205717087,0.7743238210678101,0.4661077857017517,-0.05087319388985634,0.7110116481781006,0.45173564553260803,-0.05356195569038391,0.7070497274398804,0.433112233877182,-0.04755490645766258,0.712165117263794,0.41979265213012695,-0.04283230006694794,E
0.8972228169441223,0.41989561915397644,5.404273792919412e-07,0.8457222580909729,0.3243337869644165,0.024773843586444855,0.7823275923728943,0.31383004784584045,0.029400469735264778,0.7350544929504395,0.34552305936813354,0.032266877591609955,0.7046528458595276,0.3898504376411438,0.03259363770484924,0.7535759806632996,0.2810644209384918,-0.020528918132185936,0.675885796546936,0.23082715272903442,-0.03529146686196327,0.6340281963348389,0.18984422087669373,-0.042065590620040894,0.6016654968261719,0.15219315886497498,-0.043953120708465576,0.7508871555328369,0.34575632214546204,-0.034760694950819016,0.6614761352539062,0.32041817903518677,-0.04975760728120804,0.6099479794502258,0.3039360046386719,-0.05614252761006355,0.5696942210197449,0.29283568263053894,-0.05904869735240936,0.756145179271698,0.41264188289642334,-0.043735940009355545,0.6710891723632812,0.438815176486969,-0.0582379512488842,0.6223306059837341,0.4544845223426819,-0.06731756776571274,0.585704505443573,0.4665253460407257,-0.07123467326164246,0.771291971206665,0.4663543999195099,-0.047857221215963364,0.7083469033241272,0.45198163390159607,-0.048829954117536545,0.7055060863494873,0.43305468559265137,-0.04102380946278572,0.7114270329475403,0.41858068108558655,-0.035039324313402176,0.0,0.0,0.0,0.0,0.0,0.0,0.0,0.0,0.0,0.0,0.0,0.0,0.0,0.0,0.0,0.0,0.0,0.0,0.0,0.0,0.0,0.0,0.0,0.0,0.0,0.0,0.0,0.0,0.0,0.0,0.0,0.0,0.0,0.0,0.0,0.0,0.0,0.0,0.0,0.0,0.0,0.0,0.0,0.0,0.0,0.0,0.0,0.0,0.0,0.0,0.0,0.0,0.0,0.0,0.0,0.0,0.0,0.0,0.0,0.0,0.0,0.0,0.0,E
0.8570433259010315,0.41131773591041565,7.781625299685402e-07,0.8003485202789307,0.3324284255504608,0.044275879859924316,0.753743588924408,0.3201254904270172,0.04281681776046753,0.71546471118927,0.34034910798072815,0.04101535677909851,0.6852092742919922,0.36713939905166626,0.03716680407524109,0.7368418574333191,0.2703581154346466,-0.06451486796140671,0.6726468801498413,0.22453971207141876,-0.09126601368188858,0.6342619061470032,0.19025969505310059,-0.10360153764486313,0.6019669771194458,0.15839262306690216,-0.10765618830919266,0.7366846799850464,0.3396397531032562,-0.07988359779119492,0.6640135049819946,0.3222784399986267,-0.12276259064674377,0.6101816892623901,0.3120018243789673,-0.13987666368484497,0.5725091099739075,0.2995675802230835,-0.14927193522453308,0.7412606477737427,0.4169026017189026,-0.08031029999256134,0.6700043678283691,0.4329586327075958,-0.10671661794185638,0.6231895685195923,0.4417181611061096,-0.10407491773366928,0.5828974843025208,0.44633886218070984,-0.09800361841917038,0.7471398711204529,0.47944125533103943,-0.07095915824174881,0.6958454847335815,0.4505368769168854,-0.05871671438217163,0.6923928260803223,0.42142751812934875,-0.03036346659064293,0.691290020942688,0.40310901403427124,-0.011947515420615673,0.8985934257507324,0.4200805723667145,5.293252911542368e-07,0.8465941548347473,0.32655975222587585,0.02701488323509693,0.7824207544326782,0.31767454743385315,0.032540202140808105,0.7350218296051025,0.3533160090446472,0.03610147163271904,0.704479455947876,0.4004741311073303,0.037201233208179474,0.7536149024963379,0.2815095782279968,-0.0186037328094244,0.6767884492874146,0.23021206259727478,-0.03325413540005684,0.6346921324729919,0.1893562525510788,-0.03986286371946335,0.6024879217147827,0.15212751924991608,-0.04146314039826393,0.7521100044250488,0.3453465402126312,-0.033660050481557846,0.6618235111236572,0.3224582076072693,-0.049297645688056946,0.6102228164672852,0.30727696418762207,-0.055491119623184204,0.5698602795600891,0.2974216043949127,-0.057865217328071594,0.7580953240394592,0.4114001393318176,-0.043238576501607895,0.6725716590881348,0.4394420087337494,-0.05813528224825859,0.6239081621170044,0.4561142921447754,-0.06612671911716461,0.5868959426879883,0.4691028892993927,-0.06872708350419998,0.7737902998924255,0.4656130075454712,-0.04769739508628845,0.7095420360565186,0.4522722363471985,-0.04732079058885574,0.7072249054908752,0.4341297745704651,-0.03761036694049835,0.713951051235199,0.4201506972312927,-0.030159730464220047,E
0.8995886445045471,0.42486539483070374,5.436286869553442e-07,0.849115788936615,0.3290556073188782,0.023289868608117104,0.7832249999046326,0.32023489475250244,0.027667423710227013,0.7349236011505127,0.3563459515571594,0.03030482679605484,0.7045484781265259,0.40396788716316223,0.03018597699701786,0.753273069858551,0.28252679109573364,-0.018729867413640022,0.677075982093811,0.23004333674907684,-0.03204556182026863,0.6359315514564514,0.18865738809108734,-0.03850318491458893,0.6039122343063354,0.15144193172454834,-0.040757518261671066,0.7508880496025085,0.34884461760520935,-0.032911088317632675,0.6624166965484619,0.3242137134075165,-0.04624417796730995,0.611097514629364,0.3071862757205963,-0.053555767983198166,0.569904625415802,0.29661110043525696,-0.05770035833120346,0.7576025128364563,0.41621989011764526,-0.0420701839029789,0.6732102036476135,0.44247186183929443,-0.05524364486336708,0.6238969564437866,0.4571111798286438,-0.06540147215127945,0.5861866474151611,0.4697438180446625,-0.07080239057540894,0.7740368843078613,0.47003373503685,-0.04664921760559082,0.711719810962677,0.45414379239082336,-0.04791240021586418,0.706804096698761,0.4349118769168854,-0.041689321398735046,0.7099944353103638,0.4207701086997986,-0.037199169397354126,0.0,0.0,0.0,0.0,0.0,0.0,0.0,0.0,0.0,0.0,0.0,0.0,0.0,0.0,0.0,0.0,0.0,0.0,0.0,0.0,0.0,0.0,0.0,0.0,0.0,0.0,0.0,0.0,0.0,0.0,0.0,0.0,0.0,0.0,0.0,0.0,0.0,0.0,0.0,0.0,0.0,0.0,0.0,0.0,0.0,0.0,0.0,0.0,0.0,0.0,0.0,0.0,0.0,0.0,0.0,0.0,0.0,0.0,0.0,0.0,0.0,0.0,0.0,E
0.8987033367156982,0.4263942539691925,5.612042173197551e-07,0.8472477197647095,0.3287602961063385,0.022403042763471603,0.7817590832710266,0.3191629946231842,0.02584320306777954,0.7346417903900146,0.3574555218219757,0.027719903737306595,0.704745888710022,0.4061407148838043,0.026715587824583054,0.753673255443573,0.2838006317615509,-0.02085055038332939,0.6771247982978821,0.22891546785831451,-0.034659091383218765,0.6363692283630371,0.18615230917930603,-0.041359588503837585,0.6046953201293945,0.14771568775177002,-0.04374309629201889,0.7518576979637146,0.3502339720726013,-0.03485120087862015,0.6631313562393188,0.3270173966884613,-0.04893086105585098,0.611607015132904,0.30997535586357117,-0.05679333582520485,0.5705071687698364,0.29922935366630554,-0.061335351318120956,0.758264422416687,0.4170795679092407,-0.0437600277364254,0.6740773320198059,0.4431762397289276,-0.05784127861261368,0.6244091987609863,0.4576915204524994,-0.06906042248010635,0.5862840414047241,0.4703863263130188,-0.07528968155384064,0.773530125617981,0.4698088765144348,-0.048022180795669556,0.7136756181716919,0.4537614583969116,-0.05034281313419342,0.7117347121238708,0.43349534273147583,-0.044577211141586304,0.7177097797393799,0.41864916682243347,-0.040400005877017975,0.0,0.0,0.0,0.0,0.0,0.0,0.0,0.0,0.0,0.0,0.0,0.0,0.0,0.0,0.0,0.0,0.0,0.0,0.0,0.0,0.0,0.0,0.0,0.0,0.0,0.0,0.0,0.0,0.0,0.0,0.0,0.0,0.0,0.0,0.0,0.0,0.0,0.0,0.0,0.0,0.0,0.0,0.0,0.0,0.0,0.0,0.0,0.0,0.0,0.0,0.0,0.0,0.0,0.0,0.0,0.0,0.0,0.0,0.0,0.0,0.0,0.0,0.0,E
0.8567532896995544,0.4109703004360199,7.832861115275591e-07,0.8006072640419006,0.32840490341186523,0.042424630373716354,0.7537030577659607,0.3172427713871002,0.040175292640924454,0.7142645716667175,0.3400775194168091,0.03735261783003807,0.6842289566993713,0.36740878224372864,0.031920891255140305,0.736747682094574,0.2737378776073456,-0.06466484814882278,0.6714149117469788,0.22191734611988068,-0.0937226340174675,0.6305670142173767,0.18494363129138947,-0.10792813450098038,0.5974072813987732,0.1508929282426834,-0.11322547495365143,0.7369316816329956,0.34277045726776123,-0.08037111163139343,0.6636350750923157,0.3284011781215668,-0.12429798394441605,0.609053909778595,0.31847941875457764,-0.14199404418468475,0.5717549324035645,0.30763527750968933,-0.1516072303056717,0.7430134415626526,0.41780510544776917,-0.08191084116697311,0.6696056723594666,0.4388216435909271,-0.11302650719881058,0.6213582754135132,0.4460561275482178,-0.11469653993844986,0.5823096036911011,0.4514431059360504,-0.11080934852361679,0.7502796053886414,0.47897377610206604,-0.07349621504545212,0.6986091136932373,0.45655345916748047,-0.06893290579319,0.6944376230239868,0.4278183877468109,-0.045970369130373,0.6931796669960022,0.4098917245864868,-0.030370118096470833,0.8995159864425659,0.4255673587322235,5.465971639750933e-07,0.8474514484405518,0.3298228681087494,0.022271107882261276,0.7812009453773499,0.32102203369140625,0.02545965276658535,0.733712375164032,0.3603192865848541,0.02673901617527008,0.7031500935554504,0.4081612825393677,0.024909816682338715,0.7533535361289978,0.28392523527145386,-0.02017216384410858,0.6777543425559998,0.23016348481178284,-0.03430610150098801,0.6366571187973022,0.18760988116264343,-0.0414511039853096,0.604408860206604,0.14922098815441132,-0.04439942538738251,0.7511911988258362,0.3484719693660736,-0.034889109432697296,0.6634751558303833,0.32500967383384705,-0.04814022406935692,0.6117448806762695,0.30902138352394104,-0.055992137640714645,0.5703356266021729,0.29894107580184937,-0.06098837032914162,0.757983922958374,0.4145924150943756,-0.04476802051067352,0.6741943955421448,0.44169625639915466,-0.058029722422361374,0.6243002414703369,0.4567699134349823,-0.06935279816389084,0.5859973430633545,0.4692261815071106,-0.07624869793653488,0.7741521596908569,0.4685610234737396,-0.05020027980208397,0.7146897912025452,0.4552367329597473,-0.053306885063648224,0.7105420231819153,0.435975581407547,-0.04889954999089241,0.714155375957489,0.4209720492362976,-0.045907799154520035,E
0.8991801142692566,0.4285253584384918,5.759640657743148e-07,0.8481240272521973,0.3315131366252899,0.021177031099796295,0.7832467555999756,0.3206495940685272,0.024940920993685722,0.7356398105621338,0.35549017786979675,0.027166102081537247,0.70513916015625,0.40066882967948914,0.026755766943097115,0.7535091638565063,0.2867688834667206,-0.01824822463095188,0.677345335483551,0.23200823366641998,-0.030615689232945442,0.6361792087554932,0.18934285640716553,-0.036212120205163956,0.6040242910385132,0.15148469805717468,-0.0378437414765358,0.7487726807594299,0.3523498475551605,-0.0309139396995306,0.6622950434684753,0.3263207674026489,-0.0428043007850647,0.6106417775154114,0.3094235956668854,-0.04889528453350067,0.5699435472488403,0.29902899265289307,-0.052093539386987686,0.7538453936576843,0.419119268655777,-0.038930706679821014,0.6720467209815979,0.4445919692516327,-0.050992634147405624,0.6227872371673584,0.45769426226615906,-0.06136775761842728,0.5858422517776489,0.46917450428009033,-0.06716593354940414,0.7685534954071045,0.47208863496780396,-0.042687851935625076,0.7119745016098022,0.45637133717536926,-0.044412028044462204,0.7087239623069763,0.43676161766052246,-0.03937475383281708,0.7135573029518127,0.4218204915523529,-0.03555605933070183,0.0,0.0,0.0,0.0,0.0,0.0,0.0,0.0,0.0,0.0,0.0,0.0,0.0,0.0,0.0,0.0,0.0,0.0,0.0,0.0,0.0,0.0,0.0,0.0,0.0,0.0,0.0,0.0,0.0,0.0,0.0,0.0,0.0,0.0,0.0,0.0,0.0,0.0,0.0,0.0,0.0,0.0,0.0,0.0,0.0,0.0,0.0,0.0,0.0,0.0,0.0,0.0,0.0,0.0,0.0,0.0,0.0,0.0,0.0,0.0,0.0,0.0,0.0,E
0.8545854687690735,0.40980151295661926,8.156783337653906e-07,0.7989423274993896,0.3267301619052887,0.04127557575702667,0.7512597441673279,0.3174574375152588,0.03808820992708206,0.7129775285720825,0.3415733277797699,0.034692294895648956,0.683940052986145,0.36984360218048096,0.028543295338749886,0.7342813611030579,0.27859070897102356,-0.06607623398303986,0.669264554977417,0.22589246928691864,-0.09570721536874771,0.6282124519348145,0.18660908937454224,-0.11107755452394485,0.5952174067497253,0.15089476108551025,-0.11731534451246262,0.7362353205680847,0.3462313711643219,-0.08113280683755875,0.6632584929466248,0.3308787941932678,-0.124632827937603,0.6103566884994507,0.3193420469760895,-0.14266739785671234,0.573920726776123,0.30764496326446533,-0.1529909074306488,0.7443872094154358,0.4210546612739563,-0.08204564452171326,0.6692954301834106,0.4451400637626648,-0.11325617134571075,0.6209164261817932,0.4503816068172455,-0.11523117125034332,0.5807867050170898,0.4544270634651184,-0.11206179857254028,0.753445029258728,0.48340851068496704,-0.07288938760757446,0.7013561725616455,0.46014919877052307,-0.06803187727928162,0.6991770267486572,0.4283120632171631,-0.04441559314727783,0.6995692849159241,0.4086284637451172,-0.028944266960024834,0.9003505706787109,0.42667338252067566,5.541987775359303e-07,0.8495145440101624,0.33080849051475525,0.02035178244113922,0.7851701974868774,0.3203941881656647,0.022940443828701973,0.7384690046310425,0.35369688272476196,0.023798417299985886,0.7082309126853943,0.3986736238002777,0.021762320771813393,0.7549892067909241,0.28730228543281555,-0.02165120281279087,0.6787832379341125,0.23415151238441467,-0.03645271062850952,0.637126624584198,0.19158081710338593,-0.04395132139325142,0.6041642427444458,0.15311206877231598,-0.04696626961231232,0.7511005997657776,0.35058122873306274,-0.035265397280454636,0.6644520163536072,0.3260906934738159,-0.04849940538406372,0.6122549176216125,0.3090772330760956,-0.05623601749539375,0.5708058476448059,0.2982483208179474,-0.06121828779578209,0.7564652562141418,0.4158269762992859,-0.04431794956326485,0.6733371615409851,0.4423353374004364,-0.05770742893218994,0.6230754256248474,0.4577379822731018,-0.06961395591497421,0.5850551724433899,0.4707079231739044,-0.07698269933462143,0.7710292935371399,0.4683685898780823,-0.04914312809705734,0.7117277979850769,0.45687589049339294,-0.05299022048711777,0.7058954238891602,0.43974244594573975,-0.04980708286166191,0.7075579762458801,0.42703282833099365,-0.047639407217502594,E
0.8992032408714294,0.4270766079425812,5.776241778221447e-07,0.8472127318382263,0.33025193214416504,0.018075132742524147,0.7832775712013245,0.3214549124240875,0.02001742273569107,0.7377785444259644,0.3612029552459717,0.020855942741036415,0.7090726494789124,0.41169244050979614,0.018837425857782364,0.7559909820556641,0.28851979970932007,-0.022883042693138123,0.6782820820808411,0.2382742166519165,-0.03731125220656395,0.6361557245254517,0.19839990139007568,-0.04445027559995651,0.6024373173713684,0.16223928332328796,-0.046999868005514145,0.7511248588562012,0.35366910696029663,-0.0356360599398613,0.6643972396850586,0.3271009624004364,-0.04746703431010246,0.6116604208946228,0.3114803433418274,-0.054073840379714966,0.5701254606246948,0.3017137944698334,-0.058099374175071716,0.756290078163147,0.421507865190506,-0.04411478340625763,0.6734843254089355,0.44632667303085327,-0.05745698884129524,0.6232843995094299,0.4600856304168701,-0.06950180977582932,0.5851134657859802,0.47271081805229187,-0.07661854475736618,0.7718380093574524,0.475188285112381,-0.04849611222743988,0.7135916948318481,0.45867934823036194,-0.05190006643533707,0.7106158137321472,0.43765196204185486,-0.047488026320934296,0.7156183123588562,0.42451012134552,-0.044225119054317474,0.0,0.0,0.0,0.0,0.0,0.0,0.0,0.0,0.0,0.0,0.0,0.0,0.0,0.0,0.0,0.0,0.0,0.0,0.0,0.0,0.0,0.0,0.0,0.0,0.0,0.0,0.0,0.0,0.0,0.0,0.0,0.0,0.0,0.0,0.0,0.0,0.0,0.0,0.0,0.0,0.0,0.0,0.0,0.0,0.0,0.0,0.0,0.0,0.0,0.0,0.0,0.0,0.0,0.0,0.0,0.0,0.0,0.0,0.0,0.0,0.0,0.0,0.0,E
0.8542690873146057,0.4148218333721161,7.279053875208774e-07,0.7977132797241211,0.33329230546951294,0.048276692628860474,0.7529695630073547,0.32415083050727844,0.048820897936820984,0.7156916856765747,0.3465878963470459,0.047877196222543716,0.6861264109611511,0.3765488266944885,0.0443362332880497,0.7362844944000244,0.27879855036735535,-0.05907806381583214,0.6714147329330444,0.2339765727519989,-0.08474820107221603,0.6310073733329773,0.20439350605010986,-0.09574060142040253,0.5979760885238647,0.17549598217010498,-0.09895088523626328,0.7360915541648865,0.34667959809303284,-0.07716492563486099,0.6628481149673462,0.33064159750938416,-0.11835737526416779,0.60804283618927,0.32239097356796265,-0.13388343155384064,0.5710271596908569,0.31215614080429077,-0.14196233451366425,0.7416883707046509,0.42176350951194763,-0.08061777800321579,0.6697971224784851,0.4389362633228302,-0.108249232172966,0.6217378377914429,0.44980353116989136,-0.10835094749927521,0.5833996534347534,0.4580950438976288,-0.10373012721538544,0.7500718235969543,0.4829602837562561,-0.07380885630846024,0.6982489228248596,0.457781583070755,-0.06648516654968262,0.6903523802757263,0.4305677115917206,-0.043245814740657806,0.6855584979057312,0.4144495129585266,-0.027627605944871902,0.8983344435691833,0.4294908046722412,5.499063036040752e-07,0.8461343050003052,0.33302026987075806,0.02279413491487503,0.7824222445487976,0.326394647359848,0.02592119202017784,0.7376582622528076,0.3667614758014679,0.027215994894504547,0.7086161971092224,0.41622868180274963,0.02523546665906906,0.7543444633483887,0.289622962474823,-0.0221712626516819,0.6774932146072388,0.24046768248081207,-0.036863479763269424,0.6357255578041077,0.20144236087799072,-0.044306449592113495,0.6023319959640503,0.16633537411689758,-0.04721175134181976,0.7511111497879028,0.3553253412246704,-0.03699294477701187,0.665020227432251,0.3289736211299896,-0.049770791083574295,0.6122614145278931,0.3130379617214203,-0.05735686421394348,0.5702420473098755,0.3035471439361572,-0.06232372298836708,0.7573055624961853,0.4226129949092865,-0.04692194610834122,0.6749070286750793,0.4460199773311615,-0.062293145805597305,0.6239763498306274,0.4624892473220825,-0.07631255686283112,0.5849606394767761,0.47797390818595886,-0.08469698578119278,0.7728100419044495,0.4754570424556732,-0.051853518933057785,0.7142785787582397,0.4558556377887726,-0.05627632886171341,0.7117037773132324,0.43420180678367615,-0.0526789166033268,0.7168519496917725,0.4204586148262024,-0.05035176873207092,E
0.899242103099823,0.42827677726745605,5.398983375926036e-07,0.8466170430183411,0.3338572084903717,0.024748437106609344,0.7815533876419067,0.3294529914855957,0.02881641872227192,0.7348406314849854,0.37310799956321716,0.03086879476904869,0.7045124173164368,0.42433735728263855,0.029904507100582123,0.7536029815673828,0.29018524289131165,-0.019864559173583984,0.6768196225166321,0.24073375761508942,-0.03434169292449951,0.6347375512123108,0.20170366764068604,-0.04141700640320778,0.6014836430549622,0.1658181995153427,-0.04380713030695915,0.7509245276451111,0.3533742129802704,-0.035156797617673874,0.6636003255844116,0.3305765986442566,-0.047771748155355453,0.6112602949142456,0.31543591618537903,-0.053903836756944656,0.5705956220626831,0.3050821125507355,-0.057486407458782196,0.7574808597564697,0.419365257024765,-0.045518774539232254,0.6739736199378967,0.4472023546695709,-0.06040884926915169,0.6233721375465393,0.4642988443374634,-0.07229329645633698,0.5849711298942566,0.4785100221633911,-0.07881271839141846,0.7734966278076172,0.47253984212875366,-0.05078759416937828,0.7143585681915283,0.4566158056259155,-0.05322029069066048,0.7124956250190735,0.43493127822875977,-0.04741042107343674,0.7190649509429932,0.4197775721549988,-0.04348781704902649,0.0,0.0,0.0,0.0,0.0,0.0,0.0,0.0,0.0,0.0,0.0,0.0,0.0,0.0,0.0,0.0,0.0,0.0,0.0,0.0,0.0,0.0,0.0,0.0,0.0,0.0,0.0,0.0,0.0,0.0,0.0,0.0,0.0,0.0,0.0,0.0,0.0,0.0,0.0,0.0,0.0,0.0,0.0,0.0,0.0,0.0,0.0,0.0,0.0,0.0,0.0,0.0,0.0,0.0,0.0,0.0,0.0,0.0,0.0,0.0,0.0,0.0,0.0,E
0.8495754599571228,0.41424018144607544,7.566823683191615e-07,0.798072099685669,0.33120018243789673,0.03707471117377281,0.7512744069099426,0.32163482904434204,0.03545995429158211,0.7150519490242004,0.35341838002204895,0.034156154841184616,0.6884177327156067,0.39321908354759216,0.030279187485575676,0.7370545268058777,0.27885180711746216,-0.06056183949112892,0.6702518463134766,0.24004189670085907,-0.08517204225063324,0.6306013464927673,0.21208105981349945,-0.09590592980384827,0.5982199311256409,0.18501892685890198,-0.09899865835905075,0.7368258237838745,0.3469477593898773,-0.07430310547351837,0.6623314619064331,0.3357897102832794,-0.11385942995548248,0.6100623607635498,0.32936951518058777,-0.1295580416917801,0.5740231871604919,0.3197218179702759,-0.13730816543102264,0.7411044836044312,0.4229580760002136,-0.07490099221467972,0.6663225889205933,0.4411182999610901,-0.10374176502227783,0.619028627872467,0.4489557445049286,-0.105059415102005,0.5791138410568237,0.45368054509162903,-0.10088852047920227,0.7473045587539673,0.4871833622455597,-0.06626647710800171,0.6959666013717651,0.45986464619636536,-0.060986146330833435,0.6981519460678101,0.43277108669281006,-0.03697800636291504,0.7029585838317871,0.41623079776763916,-0.020457124337553978,0.8999843597412109,0.4285632371902466,5.530301336875709e-07,0.8466395139694214,0.3325803279876709,0.02004627138376236,0.781684935092926,0.3267015218734741,0.02256902866065502,0.7379710078239441,0.3705263137817383,0.02376171015202999,0.7098109722137451,0.42363211512565613,0.02214786224067211,0.7549188137054443,0.29084327816963196,-0.0225451048463583,0.6751795411109924,0.2462833672761917,-0.03750947117805481,0.6333246827125549,0.2092672884464264,-0.04429905489087105,0.5995370745658875,0.17465795576572418,-0.04615495726466179,0.7528795599937439,0.3546183109283447,-0.03680836409330368,0.6643385291099548,0.33130404353141785,-0.051385872066020966,0.6119737029075623,0.3166390657424927,-0.05773931369185448,0.5700936317443848,0.30709215998649597,-0.06048056110739708,0.7590020895004272,0.4216088652610779,-0.0466674268245697,0.6739104986190796,0.4471198320388794,-0.06343352794647217,0.6239279508590698,0.4609242379665375,-0.07481107115745544,0.5847758054733276,0.47330570220947266,-0.07984741777181625,0.7752055525779724,0.4759729206562042,-0.05198827385902405,0.7117129564285278,0.45824211835861206,-0.05567702651023865,0.7122220396995544,0.43602630496025085,-0.048444196581840515,0.722549319267273,0.4228951632976532,-0.042583730071783066,E
0.8995392322540283,0.42803776264190674,5.182820359550533e-07,0.848546028137207,0.3309478759765625,0.022443557158112526,0.784140944480896,0.3222954273223877,0.02591000869870186,0.7393764853477478,0.36052289605140686,0.02742740511894226,0.7109148502349854,0.4092217981815338,0.025927357375621796,0.7547634243965149,0.29046809673309326,-0.021614577621221542,0.6737087965011597,0.24960988759994507,-0.03603997826576233,0.630378007888794,0.21590647101402283,-0.04215993732213974,0.5960756540298462,0.18519318103790283,-0.04369821399450302,0.7533444762229919,0.35327160358428955,-0.03682354837656021,0.6634284853935242,0.3307049572467804,-0.05173296853899956,0.6103330850601196,0.3169843852519989,-0.057883668690919876,0.5683695077896118,0.30908510088920593,-0.06046024709939957,0.7605405449867249,0.41968169808387756,-0.04720665514469147,0.6731748580932617,0.4461570084095001,-0.06366394460201263,0.6229404807090759,0.46130430698394775,-0.07402036339044571,0.584613561630249,0.47464144229888916,-0.07834108173847198,0.777864396572113,0.4744813144207001,-0.05279664322733879,0.7121629118919373,0.4621288776397705,-0.05629156157374382,0.7100839614868164,0.4417741894721985,-0.048768091946840286,0.718450665473938,0.42925190925598145,-0.042623888701200485,0.0,0.0,0.0,0.0,0.0,0.0,0.0,0.0,0.0,0.0,0.0,0.0,0.0,0.0,0.0,0.0,0.0,0.0,0.0,0.0,0.0,0.0,0.0,0.0,0.0,0.0,0.0,0.0,0.0,0.0,0.0,0.0,0.0,0.0,0.0,0.0,0.0,0.0,0.0,0.0,0.0,0.0,0.0,0.0,0.0,0.0,0.0,0.0,0.0,0.0,0.0,0.0,0.0,0.0,0.0,0.0,0.0,0.0,0.0,0.0,0.0,0.0,0.0,E
0.8469542264938354,0.4184906482696533,7.187148867160431e-07,0.7930774092674255,0.32860881090164185,0.03873597830533981,0.7486807107925415,0.3146275579929352,0.0341934859752655,0.7118363976478577,0.333028107881546,0.0302972961217165,0.6832932233810425,0.3437745273113251,0.024040980264544487,0.7346563339233398,0.2795811593532562,-0.07512472569942474,0.6702847480773926,0.2519422173500061,-0.10798440873622894,0.6299954056739807,0.22754980623722076,-0.12649136781692505,0.5960804224014282,0.20153145492076874,-0.1358059048652649,0.7348734140396118,0.3464686870574951,-0.09000997990369797,0.6656367182731628,0.33256030082702637,-0.13860110938549042,0.6128905415534973,0.3242150545120239,-0.1621684730052948,0.5744200944900513,0.312729150056839,-0.17678873240947723,0.7397387623786926,0.4234117269515991,-0.090021051466465,0.6703507900238037,0.4430878758430481,-0.11893235146999359,0.6238569021224976,0.45216265320777893,-0.11890828609466553,0.5842909812927246,0.45634105801582336,-0.11529076099395752,0.748230516910553,0.4848668873310089,-0.08087906241416931,0.6981261372566223,0.46748918294906616,-0.07411640882492065,0.685653030872345,0.43777045607566833,-0.050908468663692474,0.6763512492179871,0.4174342453479767,-0.03598626330494881,0.8991242051124573,0.43053707480430603,5.046907176620152e-07,0.8480046391487122,0.3321343660354614,0.017678989097476006,0.7818524241447449,0.3257500231266022,0.0184082742780447,0.7355695366859436,0.36992135643959045,0.017899487167596817,0.7049149870872498,0.42016851902008057,0.014231781475245953,0.7561535835266113,0.28947964310646057,-0.027252521365880966,0.6729297041893005,0.2542151212692261,-0.04314765706658363,0.6287074089050293,0.2240489274263382,-0.05106954649090767,0.5921880602836609,0.1958116739988327,-0.05437925457954407,0.7552926540374756,0.3521259129047394,-0.041527725756168365,0.6655323505401611,0.33005520701408386,-0.05495500937104225,0.611488938331604,0.31667861342430115,-0.0628170520067215,0.5675408244132996,0.3082272410392761,-0.06821655482053757,0.7622570991516113,0.41925469040870667,-0.05137564241886139,0.6751406788825989,0.44565510749816895,-0.06639871746301651,0.6242275834083557,0.4603847563266754,-0.07951901108026505,0.5851943492889404,0.4734973609447479,-0.08750569075345993,0.7780205607414246,0.4736972451210022,-0.05697892606258392,0.7136425971984863,0.4640325605869293,-0.062200259417295456,0.7068349123001099,0.444659024477005,-0.058912694454193115,0.709059476852417,0.43378743529319763,-0.056704748421907425,E
0.8983240127563477,0.42718082666397095,4.950794050273544e-07,0.8466770052909851,0.33078891038894653,0.02278592810034752,0.7790802121162415,0.32589882612228394,0.02482149936258793,0.730546772480011,0.3689672648906708,0.02463342435657978,0.6991647481918335,0.41910266876220703,0.021193377673625946,0.755357563495636,0.28754910826683044,-0.02375784143805504,0.6704280376434326,0.25424787402153015,-0.03832146152853966,0.6254985928535461,0.22470706701278687,-0.0441061370074749,0.5901951789855957,0.19758380949497223,-0.04573186859488487,0.7561245560646057,0.3493207097053528,-0.04001252353191376,0.6628000736236572,0.3275171220302582,-0.055891428142786026,0.6083824634552002,0.31411972641944885,-0.0631038248538971,0.5662868618965149,0.3059576153755188,-0.066841721534729,0.763702392578125,0.41593125462532043,-0.05113141983747482,0.6735208630561829,0.440621942281723,-0.06739269196987152,0.6222533583641052,0.4525410532951355,-0.07796481251716614,0.5839737057685852,0.46300846338272095,-0.08304642140865326,0.7795144319534302,0.47187575697898865,-0.05744060501456261,0.7111940979957581,0.45799389481544495,-0.06207207962870598,0.7056856751441956,0.4384912848472595,-0.056354474276304245,0.710028886795044,0.4275452196598053,-0.05177737772464752,0.0,0.0,0.0,0.0,0.0,0.0,0.0,0.0,0.0,0.0,0.0,0.0,0.0,0.0,0.0,0.0,0.0,0.0,0.0,0.0,0.0,0.0,0.0,0.0,0.0,0.0,0.0,0.0,0.0,0.0,0.0,0.0,0.0,0.0,0.0,0.0,0.0,0.0,0.0,0.0,0.0,0.0,0.0,0.0,0.0,0.0,0.0,0.0,0.0,0.0,0.0,0.0,0.0,0.0,0.0,0.0,0.0,0.0,0.0,0.0,0.0,0.0,0.0,E
0.8489954471588135,0.415585458278656,6.25694610789651e-07,0.7913000583648682,0.3368277847766876,0.04705085977911949,0.7478637099266052,0.3280424177646637,0.045884087681770325,0.7118570804595947,0.3472830355167389,0.043345317244529724,0.6807084083557129,0.3599829077720642,0.03815552592277527,0.7327256202697754,0.2784515917301178,-0.0653262510895729,0.6677942276000977,0.2536645531654358,-0.09308617562055588,0.6271619200706482,0.23759673535823822,-0.10821615904569626,0.5918475389480591,0.22063711285591125,-0.1156577318906784,0.7332167029380798,0.3445821702480316,-0.08306923508644104,0.6642277836799622,0.33191004395484924,-0.12732189893722534,0.6118846535682678,0.3279109597206116,-0.1499054878950119,0.5723310112953186,0.3197382390499115,-0.16455520689487457,0.7377133965492249,0.42084190249443054,-0.08505506068468094,0.6712756752967834,0.4371376037597656,-0.10958091914653778,0.6264737844467163,0.44307735562324524,-0.10952387005090714,0.5866801142692566,0.44425806403160095,-0.10694876313209534,0.7444342374801636,0.48359769582748413,-0.0772257074713707,0.6986709237098694,0.46104562282562256,-0.0652037113904953,0.6902334094047546,0.430460661649704,-0.04043755307793617,0.6844450235366821,0.4080486297607422,-0.02544957771897316,0.9002230763435364,0.4303629398345947,4.0735844208938943e-07,0.8506797552108765,0.33078253269195557,0.027106445282697678,0.7855088114738464,0.3213196396827698,0.03201225772500038,0.7379516959190369,0.3554937243461609,0.033892352133989334,0.7076610326766968,0.40041062235832214,0.03227194771170616,0.7574336528778076,0.2856745421886444,-0.0192783884704113,0.6723616719245911,0.2583220899105072,-0.03337612748146057,0.625755250453949,0.23391230404376984,-0.03927057236433029,0.5886738896369934,0.2107718586921692,-0.041146062314510345,0.758908212184906,0.34356194734573364,-0.03741149976849556,0.6655981540679932,0.3241329789161682,-0.053756166249513626,0.6116469502449036,0.3117547631263733,-0.061148758977651596,0.5683924555778503,0.3031497895717621,-0.06488875299692154,0.7657775282859802,0.4089375436306,-0.050110962241888046,0.6740269660949707,0.42910468578338623,-0.06734936684370041,0.6238340735435486,0.4394283592700958,-0.07759300619363785,0.585499107837677,0.44818729162216187,-0.08187204599380493,0.7803759574890137,0.46714508533477783,-0.05757489055395126,0.7104177474975586,0.45467761158943176,-0.06249769777059555,0.7049791216850281,0.43620872497558594,-0.056172482669353485,0.7090035080909729,0.425955206155777,-0.05084627494215965,E
0.900371253490448,0.43387171626091003,4.5682219251830247e-07,0.8500195741653442,0.33036336302757263,0.023747244849801064,0.7873772382736206,0.31546637415885925,0.028047116473317146,0.7414522171020508,0.34339186549186707,0.030368473380804062,0.7124926447868347,0.38399019837379456,0.03014657273888588,0.7565383911132812,0.2877658009529114,-0.019838228821754456,0.672995388507843,0.259907603263855,-0.033959247171878815,0.6268458962440491,0.23471759259700775,-0.03961923345923424,0.5899152755737305,0.20995911955833435,-0.041285332292318344,0.7561919093132019,0.35053297877311707,-0.03514324501156807,0.6650686264038086,0.33166438341140747,-0.055666930973529816,0.6115114092826843,0.31620141863822937,-0.0643467903137207,0.5671234130859375,0.3037792146205902,-0.06764870136976242,0.7614949345588684,0.41901272535324097,-0.045093175023794174,0.6744034290313721,0.43599629402160645,-0.06282749027013779,0.6236847639083862,0.44306743144989014,-0.07095924764871597,0.5837880969047546,0.4479922354221344,-0.07283848524093628,0.7757866382598877,0.4773113429546356,-0.05049107223749161,0.7098910212516785,0.4663182199001312,-0.05377349257469177,0.7003957033157349,0.4513973593711853,-0.04617655277252197,0.6997439861297607,0.4413027763366699,-0.03929006680846214,0.0,0.0,0.0,0.0,0.0,0.0,0.0,0.0,0.0,0.0,0.0,0.0,0.0,0.0,0.0,0.0,0.0,0.0,0.0,0.0,0.0,0.0,0.0,0.0,0.0,0.0,0.0,0.0,0.0,0.0,0.0,0.0,0.0,0.0,0.0,0.0,0.0,0.0,0.0,0.0,0.0,0.0,0.0,0.0,0.0,0.0,0.0,0.0,0.0,0.0,0.0,0.0,0.0,0.0,0.0,0.0,0.0,0.0,0.0,0.0,0.0,0.0,0.0,E
0.847794771194458,0.41510558128356934,6.47100762307673e-07,0.7924126982688904,0.33377605676651,0.042386434972286224,0.7473410964012146,0.3245615065097809,0.040250904858112335,0.7094113826751709,0.34634169936180115,0.03841985762119293,0.6778787970542908,0.3618625998497009,0.0341668576002121,0.7326361536979675,0.27876073122024536,-0.06897971034049988,0.6660730242729187,0.2528907358646393,-0.09661727398633957,0.6259161233901978,0.23476748168468475,-0.11143523454666138,0.5911192297935486,0.21688541769981384,-0.11803822219371796,0.7332863211631775,0.34606266021728516,-0.08302878588438034,0.6622300744056702,0.33433273434638977,-0.12626990675926208,0.6109325289726257,0.32899221777915955,-0.14719711244106293,0.5726141929626465,0.3211328983306885,-0.16015766561031342,0.7375057935714722,0.42146316170692444,-0.08153856545686722,0.6681390404701233,0.43824678659439087,-0.10632332414388657,0.6235359907150269,0.44386425614356995,-0.1056966707110405,0.5842128396034241,0.44634565711021423,-0.1021169126033783,0.742917001247406,0.48327016830444336,-0.07036473602056503,0.6970742344856262,0.45934349298477173,-0.05774831399321556,0.6942598223686218,0.4296954572200775,-0.031083982437849045,0.6936731934547424,0.4100070893764496,-0.014361537992954254,0.9008974432945251,0.43366095423698425,4.42162928493417e-07,0.8521779775619507,0.331270307302475,0.025142109021544456,0.7883651852607727,0.31994500756263733,0.02981771156191826,0.7422434687614441,0.3524981439113617,0.0322079211473465,0.7130220532417297,0.39651939272880554,0.0316431000828743,0.7575283050537109,0.28919801115989685,-0.02050807885825634,0.6722162961959839,0.2598172128200531,-0.034849848598241806,0.625788688659668,0.23354478180408478,-0.04073702171444893,0.5889157652854919,0.20899179577827454,-0.04228442534804344,0.7575682997703552,0.3504757285118103,-0.037015821784734726,0.6656491160392761,0.3284420669078827,-0.05465301126241684,0.6113471388816833,0.31440770626068115,-0.06223941221833229,0.567966103553772,0.3048146367073059,-0.065384142100811,0.7640787959098816,0.41731101274490356,-0.04814157262444496,0.6745386719703674,0.4352964460849762,-0.06635166704654694,0.623749852180481,0.44477319717407227,-0.076523058116436,0.5847215056419373,0.4526080787181854,-0.08002614229917526,0.7795870304107666,0.4740329384803772,-0.05416194722056389,0.7126872539520264,0.46119195222854614,-0.05872833728790283,0.7085357308387756,0.44226932525634766,-0.05146783962845802,0.7139976024627686,0.43134942650794983,-0.04500559717416763,E
0.9007663726806641,0.4351336359977722,4.95773804232158e-07,0.8506099581718445,0.33145663142204285,0.02131529338657856,0.7862511277198792,0.3180631697177887,0.024510784074664116,0.739441454410553,0.35087859630584717,0.026008296757936478,0.7094618678092957,0.3946516215801239,0.02497919835150242,0.7564178705215454,0.28968679904937744,-0.021474404260516167,0.6713994145393372,0.25838714838027954,-0.035664189606904984,0.6252252459526062,0.2309492975473404,-0.04105108231306076,0.5888282656669617,0.20475433766841888,-0.04230058938264847,0.7552199363708496,0.35237884521484375,-0.03637236729264259,0.6636828184127808,0.33040788769721985,-0.05410008132457733,0.6095836758613586,0.31396737694740295,-0.061491720378398895,0.5673438906669617,0.3021080791950226,-0.06435997784137726,0.7613523006439209,0.4201209843158722,-0.04637875035405159,0.6739112734794617,0.44083064794540405,-0.06318981200456619,0.622463047504425,0.44920849800109863,-0.07227875292301178,0.5835863351821899,0.45554834604263306,-0.075379878282547,0.7766621112823486,0.4766979515552521,-0.052011020481586456,0.7115579843521118,0.46524572372436523,-0.05620449036359787,0.7037562131881714,0.4460693597793579,-0.04956190660595894,0.7058619856834412,0.43359631299972534,-0.04352644458413124,0.0,0.0,0.0,0.0,0.0,0.0,0.0,0.0,0.0,0.0,0.0,0.0,0.0,0.0,0.0,0.0,0.0,0.0,0.0,0.0,0.0,0.0,0.0,0.0,0.0,0.0,0.0,0.0,0.0,0.0,0.0,0.0,0.0,0.0,0.0,0.0,0.0,0.0,0.0,0.0,0.0,0.0,0.0,0.0,0.0,0.0,0.0,0.0,0.0,0.0,0.0,0.0,0.0,0.0,0.0,0.0,0.0,0.0,0.0,0.0,0.0,0.0,0.0,E
0.8541042804718018,0.41431039571762085,6.892836381666712e-07,0.808073103427887,0.32406699657440186,0.031801026314496994,0.7594565749168396,0.31453460454940796,0.03213530778884888,0.7178837060928345,0.34229224920272827,0.0324823297560215,0.6914655566215515,0.3871631324291229,0.02968871034681797,0.7441515326499939,0.2836664915084839,-0.04936043173074722,0.6685317158699036,0.24606911838054657,-0.07068663090467453,0.6242981553077698,0.22325558960437775,-0.07788250595331192,0.5902026891708374,0.1988401859998703,-0.0781015083193779,0.7441341876983643,0.3525756001472473,-0.06226915493607521,0.6639149785041809,0.33232346177101135,-0.0958414077758789,0.6107456684112549,0.3204296827316284,-0.10594414174556732,0.5742045640945435,0.3090404272079468,-0.10818737745285034,0.7509806156158447,0.4245397746562958,-0.06467641890048981,0.6692781448364258,0.44150277972221375,-0.09565163403749466,0.6182465553283691,0.44870442152023315,-0.10228819400072098,0.5807561278343201,0.4539208710193634,-0.09946632385253906,0.7629793286323547,0.48749303817749023,-0.058408237993717194,0.6998369693756104,0.46183744072914124,-0.0627031996846199,0.6941197514533997,0.4324454665184021,-0.04730663448572159,0.6956738829612732,0.4138185381889343,-0.03426569327712059,0.8982903361320496,0.4332368075847626,5.458607574837515e-07,0.844957172870636,0.3333396017551422,0.022328684106469154,0.7806428670883179,0.32424524426460266,0.025035733357071877,0.7355102896690369,0.36605021357536316,0.025706350803375244,0.706961452960968,0.415122389793396,0.02383696474134922,0.7537850141525269,0.2915956676006317,-0.02028297260403633,0.6707983613014221,0.25227466225624084,-0.03339209407567978,0.6264586448669434,0.22111479938030243,-0.03768153488636017,0.5917331576347351,0.192302867770195,-0.03812818229198456,0.7517750859260559,0.3551526963710785,-0.035650357604026794,0.6617904901504517,0.3284377455711365,-0.05241686850786209,0.6077354550361633,0.31194525957107544,-0.05909121409058571,0.5654495358467102,0.3012443482875824,-0.06133445352315903,0.7582677006721497,0.42292335629463196,-0.04602869972586632,0.6732720732688904,0.44468238949775696,-0.06231343373656273,0.6217371821403503,0.4554250240325928,-0.07166125625371933,0.5824298858642578,0.46515676379203796,-0.07498814910650253,0.7745546102523804,0.47892841696739197,-0.0518685020506382,0.7118728756904602,0.4635235667228699,-0.054845310747623444,0.7077040076255798,0.44252511858940125,-0.04729481413960457,0.7135812044143677,0.43016141653060913,-0.04086316004395485,E
0.9000926613807678,0.4335836172103882,5.368547135731205e-07,0.8461095690727234,0.3366597294807434,0.018747786059975624,0.7814550995826721,0.32646939158439636,0.019975438714027405,0.738364040851593,0.3682519197463989,0.019235001876950264,0.7102418541908264,0.41902783513069153,0.015434540808200836,0.7551727890968323,0.29290151596069336,-0.022194137796759605,0.6748198866844177,0.24637331068515778,-0.03626119717955589,0.6319854855537415,0.21240156888961792,-0.04228193685412407,0.5969486236572266,0.1810876578092575,-0.04435889422893524,0.7522351741790771,0.35587891936302185,-0.037275321781635284,0.6637793779373169,0.3299667537212372,-0.051452506333589554,0.6104476451873779,0.31435713171958923,-0.058872248977422714,0.56714928150177,0.30433008074760437,-0.06299837678670883,0.7586392760276794,0.4222553074359894,-0.04807668179273605,0.6722533702850342,0.4458129405975342,-0.06374634057283401,0.6210576295852661,0.4587782621383667,-0.07590295374393463,0.581545889377594,0.47050535678863525,-0.08233892172574997,0.7748040556907654,0.476388543844223,-0.054705146700143814,0.7100096344947815,0.4637496769428253,-0.05971576273441315,0.7055758237838745,0.44425100088119507,-0.055001042783260345,0.7114421129226685,0.43253007531166077,-0.05113571882247925,0.0,0.0,0.0,0.0,0.0,0.0,0.0,0.0,0.0,0.0,0.0,0.0,0.0,0.0,0.0,0.0,0.0,0.0,0.0,0.0,0.0,0.0,0.0,0.0,0.0,0.0,0.0,0.0,0.0,0.0,0.0,0.0,0.0,0.0,0.0,0.0,0.0,0.0,0.0,0.0,0.0,0.0,0.0,0.0,0.0,0.0,0.0,0.0,0.0,0.0,0.0,0.0,0.0,0.0,0.0,0.0,0.0,0.0,0.0,0.0,0.0,0.0,0.0,E
0.8493407964706421,0.4153834879398346,7.088979714353627e-07,0.7935975790023804,0.3366382420063019,0.048293981701135635,0.7475338578224182,0.3259487748146057,0.05185554921627045,0.7090180516242981,0.34607234597206116,0.05472222715616226,0.6797225475311279,0.36776524782180786,0.05522886663675308,0.7291252613067627,0.2844301760196686,-0.055269401520490646,0.6661181449890137,0.23861798644065857,-0.07899574935436249,0.6272056102752686,0.20733070373535156,-0.09027201682329178,0.5944898128509521,0.1769409328699112,-0.09390033036470413,0.7284157276153564,0.34836751222610474,-0.07159409672021866,0.6597756147384644,0.33130407333374023,-0.10962016880512238,0.6081093549728394,0.3220098614692688,-0.12458332628011703,0.5727187395095825,0.3094581365585327,-0.132770836353302,0.7341495752334595,0.4223024249076843,-0.07335034012794495,0.6651627421379089,0.4409177899360657,-0.09844133257865906,0.6192036867141724,0.4489993155002594,-0.09742946177721024,0.5779194235801697,0.45382359623908997,-0.09286756068468094,0.7432007789611816,0.48470762372016907,-0.06490523368120193,0.6954755187034607,0.4583031237125397,-0.05408996716141701,0.6976990103721619,0.430502712726593,-0.027199458330869675,0.7015578150749207,0.41520142555236816,-0.009775782003998756,0.8993293046951294,0.43240588903427124,5.47563899999659e-07,0.8447168469429016,0.33594468235969543,0.02297619730234146,0.7817964553833008,0.32666948437690735,0.025883300229907036,0.7393572926521301,0.36421945691108704,0.026435116305947304,0.7120093703269958,0.41437411308288574,0.02383655495941639,0.755094587802887,0.29315778613090515,-0.020993327721953392,0.6755742430686951,0.2455996423959732,-0.035668086260557175,0.633211612701416,0.20886477828025818,-0.042050134390592575,0.5992600321769714,0.17493261396884918,-0.043869081884622574,0.7524741888046265,0.3567357063293457,-0.037140827625989914,0.6629574298858643,0.3309587240219116,-0.052747081965208054,0.6093094944953918,0.31598424911499023,-0.060040947049856186,0.566660463809967,0.30633828043937683,-0.06338517367839813,0.7589236497879028,0.4236404299736023,-0.04843379184603691,0.6716508865356445,0.44864723086357117,-0.06550204753875732,0.6208018660545349,0.4634578824043274,-0.07674439996480942,0.5816990733146667,0.47592177987098694,-0.08162041008472443,0.7759217023849487,0.47874677181243896,-0.05491866543889046,0.7093757390975952,0.4650053381919861,-0.05867225304245949,0.7073208689689636,0.4451307952404022,-0.051275186240673065,0.7162801027297974,0.43248581886291504,-0.0451948419213295,E
0.8979618549346924,0.4323553740978241,5.531414331017004e-07,0.8441447615623474,0.33733561635017395,0.023906569927930832,0.7819679379463196,0.32860085368156433,0.027880875393748283,0.73941969871521,0.3673730492591858,0.029579708352684975,0.7121139168739319,0.4185276925563812,0.02850213274359703,0.7545061707496643,0.2948016822338104,-0.018558921292424202,0.6755768060684204,0.24533849954605103,-0.032741207629442215,0.633295476436615,0.20707248151302338,-0.038589075207710266,0.6001484990119934,0.1717916876077652,-0.03987489640712738,0.7516887784004211,0.35906752943992615,-0.034197308123111725,0.6620060205459595,0.33237677812576294,-0.05066319927573204,0.608760416507721,0.31647560000419617,-0.05756489187479019,0.5664811730384827,0.3062821626663208,-0.05993461236357689,0.7575210928916931,0.4258362352848053,-0.04493194445967674,0.6718035340309143,0.4483373761177063,-0.062383100390434265,0.6219231486320496,0.46096718311309814,-0.07245569676160812,0.5834118127822876,0.4719291627407074,-0.07581016421318054,0.7743011713027954,0.48037269711494446,-0.05079179257154465,0.7097028493881226,0.46485355496406555,-0.05352765694260597,0.7092673778533936,0.4453478157520294,-0.044708020985126495,0.7196623682975769,0.43291139602661133,-0.03724774718284607,0.0,0.0,0.0,0.0,0.0,0.0,0.0,0.0,0.0,0.0,0.0,0.0,0.0,0.0,0.0,0.0,0.0,0.0,0.0,0.0,0.0,0.0,0.0,0.0,0.0,0.0,0.0,0.0,0.0,0.0,0.0,0.0,0.0,0.0,0.0,0.0,0.0,0.0,0.0,0.0,0.0,0.0,0.0,0.0,0.0,0.0,0.0,0.0,0.0,0.0,0.0,0.0,0.0,0.0,0.0,0.0,0.0,0.0,0.0,0.0,0.0,0.0,0.0,E
0.8501043319702148,0.4200114607810974,7.489991844522592e-07,0.7898321151733398,0.33689242601394653,0.049642741680145264,0.7437160015106201,0.3270992338657379,0.0484282523393631,0.7069670557975769,0.349016010761261,0.0460246279835701,0.6768656373023987,0.371685266494751,0.040223829448223114,0.7274255156517029,0.2818266451358795,-0.06812336295843124,0.6654888391494751,0.23536239564418793,-0.09694118797779083,0.6260392069816589,0.20029805600643158,-0.11123588681221008,0.5926095843315125,0.16982927918434143,-0.11721751093864441,0.7298840284347534,0.34748411178588867,-0.08738142997026443,0.6598865985870361,0.3349076807498932,-0.13272114098072052,0.6076036095619202,0.32682886719703674,-0.15162678062915802,0.5716405510902405,0.3156142234802246,-0.16298876702785492,0.7381377816200256,0.42382434010505676,-0.09080012887716293,0.6658572554588318,0.44526374340057373,-0.12217490375041962,0.6161479353904724,0.4493458867073059,-0.1237807422876358,0.5721381902694702,0.45129773020744324,-0.12112605571746826,0.747920572757721,0.48954376578330994,-0.0830828845500946,0.6974051594734192,0.4648910164833069,-0.0762157216668129,0.6963536739349365,0.43188515305519104,-0.050618238747119904,0.6979668736457825,0.4117993414402008,-0.0346776582300663,0.8978497982025146,0.4334316551685333,5.458610417008458e-07,0.8455033898353577,0.3369830846786499,0.02531789056956768,0.7823997735977173,0.327720046043396,0.029557472094893456,0.7383774518966675,0.3644607961177826,0.031333472579717636,0.7107506990432739,0.41393011808395386,0.030127698555588722,0.754218339920044,0.29204314947128296,-0.01940682902932167,0.6753532290458679,0.2443181425333023,-0.03413153067231178,0.6331455707550049,0.2049219161272049,-0.04040779545903206,0.6007205843925476,0.16923467814922333,-0.04187512397766113,0.7529014348983765,0.35640642046928406,-0.03562399744987488,0.662368655204773,0.3321375548839569,-0.05214817821979523,0.6088079810142517,0.31592506170272827,-0.0591936893761158,0.5667738318443298,0.3059900104999542,-0.061847787350416183,0.759419858455658,0.42362502217292786,-0.04672477766871452,0.6727650165557861,0.4463295638561249,-0.06411097198724747,0.6219548583030701,0.4578479528427124,-0.07454702258110046,0.5829347968101501,0.46801137924194336,-0.07840599119663239,0.7756991386413574,0.4791465699672699,-0.052714552730321884,0.7113467454910278,0.46235761046409607,-0.05568789318203926,0.7094318270683289,0.44181856513023376,-0.04755400866270065,0.7179220914840698,0.4280918538570404,-0.04075702652335167,E
