0.6963717341423035,0.704348623752594,-3.2307116271113046e-07,0.6501067280769348,0.654482901096344,-0.006537340115755796,0.6219691038131714,0.5726438760757446,-0.012499111704528332,0.6280168890953064,0.5015590190887451,-0.022811206057667732,0.6584059000015259,0.4896964430809021,-0.030116582289338112,0.6437802910804749,0.4918232858181,0.012221978046000004,0.63568514585495,0.4269167184829712,-0.00794936902821064,0.6369606256484985,0.4913010001182556,-0.019780367612838745,0.6443654894828796,0.5339021682739258,-0.02435501292347908,0.6685980558395386,0.4819745719432831,0.0059888227842748165,0.6606861352920532,0.4127768278121948,-0.02314802072942257,0.6592478156089783,0.49168577790260315,-0.03455398604273796,0.6673148274421692,0.5444948077201843,-0.033538322895765305,0.6947410702705383,0.4775126874446869,-0.003991952631622553,0.6910011172294617,0.3981757164001465,-0.028439020738005638,0.676931619644165,0.46609896421432495,-0.02978910692036152,0.673042356967926,0.5271003246307373,-0.021496932953596115,0.7204461693763733,0.4812365770339966,-0.015148499049246311,0.7242789268493652,0.3974222242832184,-0.02638072893023491,0.7265361547470093,0.3462686240673065,-0.02954021655023098,0.731950044631958,0.3005897104740143,-0.028248943388462067,0.0,0.0,0.0,0.0,0.0,0.0,0.0,0.0,0.0,0.0,0.0,0.0,0.0,0.0,0.0,0.0,0.0,0.0,0.0,0.0,0.0,0.0,0.0,0.0,0.0,0.0,0.0,0.0,0.0,0.0,0.0,0.0,0.0,0.0,0.0,0.0,0.0,0.0,0.0,0.0,0.0,0.0,0.0,0.0,0.0,0.0,0.0,0.0,0.0,0.0,0.0,0.0,0.0,0.0,0.0,0.0,0.0,0.0,0.0,0.0,0.0,0.0,0.0,I
0.6958354115486145,0.7046915292739868,-3.2238540370599367e-07,0.6493234634399414,0.6601105332374573,-0.007283654995262623,0.6175662279129028,0.5763847231864929,-0.013028467074036598,0.6237338781356812,0.5026232004165649,-0.022510506212711334,0.6568725109100342,0.4919354021549225,-0.02894686907529831,0.6409869194030762,0.4950625002384186,0.009478064253926277,0.6311113834381104,0.42984846234321594,-0.008838687092065811,0.6351292133331299,0.4929722845554352,-0.01962442696094513,0.6437544226646423,0.533885657787323,-0.024202952161431313,0.6666294932365417,0.4834531247615814,0.004199108574539423,0.6573420763015747,0.41520342230796814,-0.02341664582490921,0.658527135848999,0.4933113753795624,-0.03401689603924751,0.6677550077438354,0.5468567609786987,-0.03294913098216057,0.6929215788841248,0.47753268480300903,-0.004546002484858036,0.6871755123138428,0.3993377983570099,-0.027254654094576836,0.6736106872558594,0.46624755859375,-0.028536180034279823,0.6693313717842102,0.5277059078216553,-0.02095351181924343,0.7183724045753479,0.4804507791996002,-0.014514719136059284,0.7206113338470459,0.39746028184890747,-0.02514737658202648,0.721983015537262,0.345640629529953,-0.028799403458833694,0.7259954214096069,0.2996445894241333,-0.028347793966531754,0.0,0.0,0.0,0.0,0.0,0.0,0.0,0.0,0.0,0.0,0.0,0.0,0.0,0.0,0.0,0.0,0.0,0.0,0.0,0.0,0.0,0.0,0.0,0.0,0.0,0.0,0.0,0.0,0.0,0.0,0.0,0.0,0.0,0.0,0.0,0.0,0.0,0.0,0.0,0.0,0.0,0.0,0.0,0.0,0.0,0.0,0.0,0.0,0.0,0.0,0.0,0.0,0.0,0.0,0.0,0.0,0.0,0.0,0.0,0.0,0.0,0.0,0.0,I
0.6960465908050537,0.7082200050354004,-3.1261438948604336e-07,0.6467972993850708,0.6681419014930725,-0.008159513585269451,0.6125977635383606,0.5818963050842285,-0.013912924565374851,0.6203566193580627,0.505170464515686,-0.023190071806311607,0.6561465859413147,0.4954414367675781,-0.029415622353553772,0.6336193084716797,0.5017860531806946,0.00857353676110506,0.6214739680290222,0.4357663691043854,-0.009703323245048523,0.628079354763031,0.49859946966171265,-0.020615125074982643,0.6382169127464294,0.537250280380249,-0.02558359131217003,0.6604418158531189,0.4858919382095337,0.003673260798677802,0.6493919491767883,0.41379615664482117,-0.02387112006545067,0.6528116464614868,0.4930427074432373,-0.03411652147769928,0.6627291440963745,0.5459058284759521,-0.032768409699201584,0.687804102897644,0.4773316979408264,-0.004807534161955118,0.6801583766937256,0.3963656723499298,-0.027578460052609444,0.6685343980789185,0.4631360173225403,-0.02919665537774563,0.6655802130699158,0.5243291258811951,-0.021902740001678467,0.7148607969284058,0.4779980778694153,-0.014561021700501442,0.7165614366531372,0.39431890845298767,-0.025745997205376625,0.7179890871047974,0.34228095412254333,-0.030291950330138206,0.7215349674224854,0.2954397201538086,-0.030581796541810036,0.0,0.0,0.0,0.0,0.0,0.0,0.0,0.0,0.0,0.0,0.0,0.0,0.0,0.0,0.0,0.0,0.0,0.0,0.0,0.0,0.0,0.0,0.0,0.0,0.0,0.0,0.0,0.0,0.0,0.0,0.0,0.0,0.0,0.0,0.0,0.0,0.0,0.0,0.0,0.0,0.0,0.0,0.0,0.0,0.0,0.0,0.0,0.0,0.0,0.0,0.0,0.0,0.0,0.0,0.0,0.0,0.0,0.0,0.0,0.0,0.0,0.0,0.0,I
0.6962635517120361,0.7134485244750977,-3.015410641182825e-07,0.6449015140533447,0.6770549416542053,-0.009635050781071186,0.6075643301010132,0.5895495414733887,-0.01614450104534626,0.6157095432281494,0.5090216398239136,-0.025800921022892,0.6538326740264893,0.49714919924736023,-0.03232373669743538,0.6271902918815613,0.5086907148361206,0.006168969441205263,0.6147677302360535,0.4389555752277374,-0.012801080010831356,0.6232571005821228,0.5026050209999084,-0.02392302267253399,0.6337582468986511,0.5405296087265015,-0.02916492335498333,0.6549452543258667,0.4896518588066101,0.0019286867463961244,0.644715428352356,0.4153645932674408,-0.02565010078251362,0.6502118110656738,0.49552401900291443,-0.035359762609004974,0.6603390574455261,0.5473871231079102,-0.034007683396339417,0.6830542087554932,0.479276567697525,-0.006043809000402689,0.6759855151176453,0.39794328808784485,-0.028728777542710304,0.666666567325592,0.4687045216560364,-0.02956898882985115,0.6647189259529114,0.5314622521400452,-0.02220712974667549,0.7105240821838379,0.4790816307067871,-0.015464658848941326,0.7129015922546387,0.3959755003452301,-0.026962973177433014,0.714832603931427,0.34352874755859375,-0.03165045380592346,0.7182773351669312,0.2944100499153137,-0.032322950661182404,0.0,0.0,0.0,0.0,0.0,0.0,0.0,0.0,0.0,0.0,0.0,0.0,0.0,0.0,0.0,0.0,0.0,0.0,0.0,0.0,0.0,0.0,0.0,0.0,0.0,0.0,0.0,0.0,0.0,0.0,0.0,0.0,0.0,0.0,0.0,0.0,0.0,0.0,0.0,0.0,0.0,0.0,0.0,0.0,0.0,0.0,0.0,0.0,0.0,0.0,0.0,0.0,0.0,0.0,0.0,0.0,0.0,0.0,0.0,0.0,0.0,0.0,0.0,I
0.6966543197631836,0.7154322266578674,-2.8339781010799925e-07,0.644188642501831,0.6763196587562561,-0.009783750399947166,0.6073365807533264,0.5908863544464111,-0.016932835802435875,0.6172173023223877,0.5093242526054382,-0.02678854949772358,0.6567208766937256,0.49242791533470154,-0.03337911516427994,0.6263296604156494,0.5125399827957153,0.004036822356283665,0.6128750443458557,0.4353618025779724,-0.014096366241574287,0.6204623579978943,0.49741098284721375,-0.024970177561044693,0.6308287978172302,0.5391504764556885,-0.030253782868385315,0.6543132066726685,0.4937896430492401,0.0004014410951640457,0.6432386040687561,0.41768863797187805,-0.02561335824429989,0.6476110816001892,0.4945478141307831,-0.03555179014801979,0.657238245010376,0.5451224446296692,-0.035159360617399216,0.6830993890762329,0.4825856685638428,-0.006553696468472481,0.6759279370307922,0.39628955721855164,-0.027258170768618584,0.6664005517959595,0.4660084545612335,-0.027302391827106476,0.6642312407493591,0.5300750732421875,-0.020328545942902565,0.7110627889633179,0.4818383455276489,-0.01500623393803835,0.7128981351852417,0.398275762796402,-0.025935783982276917,0.7133507132530212,0.34287846088409424,-0.03035937063395977,0.7151180505752563,0.29099881649017334,-0.03107842430472374,0.0,0.0,0.0,0.0,0.0,0.0,0.0,0.0,0.0,0.0,0.0,0.0,0.0,0.0,0.0,0.0,0.0,0.0,0.0,0.0,0.0,0.0,0.0,0.0,0.0,0.0,0.0,0.0,0.0,0.0,0.0,0.0,0.0,0.0,0.0,0.0,0.0,0.0,0.0,0.0,0.0,0.0,0.0,0.0,0.0,0.0,0.0,0.0,0.0,0.0,0.0,0.0,0.0,0.0,0.0,0.0,0.0,0.0,0.0,0.0,0.0,0.0,0.0,I
0.6994488835334778,0.7185031175613403,-3.1960473734216066e-07,0.6475295424461365,0.6800497770309448,-0.009134058840572834,0.6097020506858826,0.590768039226532,-0.016209805384278297,0.6196638345718384,0.5059746503829956,-0.026141099631786346,0.6596375703811646,0.4909532964229584,-0.03270042687654495,0.6282396912574768,0.5098441243171692,0.00519167585298419,0.6145608425140381,0.4329904317855835,-0.014101003296673298,0.6235401034355164,0.49857887625694275,-0.025503600016236305,0.6343382596969604,0.5435819029808044,-0.030590103939175606,0.6579785943031311,0.4935603141784668,0.0009422083385288715,0.6461731791496277,0.4138522446155548,-0.027702508494257927,0.6519955396652222,0.4957834482192993,-0.03830578178167343,0.6622090935707092,0.5552080869674683,-0.036987584084272385,0.6878780722618103,0.4839502274990082,-0.006729363463819027,0.6789888739585876,0.3968319296836853,-0.028308315202593803,0.6691473722457886,0.4644452631473541,-0.02904614992439747,0.6657996773719788,0.5295129418373108,-0.021855805069208145,0.7169718742370605,0.48337048292160034,-0.01581382565200329,0.7179202437400818,0.3965657353401184,-0.025849411264061928,0.7184253334999084,0.33916759490966797,-0.03017786331474781,0.7192192673683167,0.2863483726978302,-0.030853409320116043,0.0,0.0,0.0,0.0,0.0,0.0,0.0,0.0,0.0,0.0,0.0,0.0,0.0,0.0,0.0,0.0,0.0,0.0,0.0,0.0,0.0,0.0,0.0,0.0,0.0,0.0,0.0,0.0,0.0,0.0,0.0,0.0,0.0,0.0,0.0,0.0,0.0,0.0,0.0,0.0,0.0,0.0,0.0,0.0,0.0,0.0,0.0,0.0,0.0,0.0,0.0,0.0,0.0,0.0,0.0,0.0,0.0,0.0,0.0,0.0,0.0,0.0,0.0,I
0.706300675868988,0.7162571549415588,-3.350320696426934e-07,0.6531705260276794,0.6791136264801025,-0.010365265421569347,0.614648163318634,0.589450478553772,-0.01856043003499508,0.624525785446167,0.502068042755127,-0.029446899890899658,0.664543628692627,0.484615683555603,-0.03687504678964615,0.6301308870315552,0.5050764083862305,0.0031122765503823757,0.6179301738739014,0.42616453766822815,-0.017551692202687263,0.6279440522193909,0.4937460720539093,-0.02990088239312172,0.638700008392334,0.5424198508262634,-0.03505188226699829,0.6608561873435974,0.48703303933143616,-0.0008648508810438216,0.6513530015945435,0.405316561460495,-0.029130613431334496,0.6587386727333069,0.48934000730514526,-0.03931779786944389,0.668290913105011,0.550643801689148,-0.03772503882646561,0.6920172572135925,0.4763396978378296,-0.008355053141713142,0.6856626868247986,0.38441401720046997,-0.02952454425394535,0.679694414138794,0.4517442584037781,-0.029631081968545914,0.6780053377151489,0.5171666145324707,-0.021951382979750633,0.7222902774810791,0.4760374426841736,-0.017367519438266754,0.7224916815757751,0.3872440457344055,-0.026697594672441483,0.7240079045295715,0.3307335674762726,-0.029965247958898544,0.7258369326591492,0.28036269545555115,-0.02970852516591549,0.0,0.0,0.0,0.0,0.0,0.0,0.0,0.0,0.0,0.0,0.0,0.0,0.0,0.0,0.0,0.0,0.0,0.0,0.0,0.0,0.0,0.0,0.0,0.0,0.0,0.0,0.0,0.0,0.0,0.0,0.0,0.0,0.0,0.0,0.0,0.0,0.0,0.0,0.0,0.0,0.0,0.0,0.0,0.0,0.0,0.0,0.0,0.0,0.0,0.0,0.0,0.0,0.0,0.0,0.0,0.0,0.0,0.0,0.0,0.0,0.0,0.0,0.0,I
0.71476811170578,0.7159290313720703,-3.1097755481823697e-07,0.6586216688156128,0.677642822265625,-0.011118198744952679,0.6188581585884094,0.5873287320137024,-0.01986588165163994,0.6320331692695618,0.49926915764808655,-0.031227484345436096,0.6748327016830444,0.4816451072692871,-0.039103977382183075,0.6348094940185547,0.5011890530586243,0.0026074221823364496,0.6195107698440552,0.42177078127861023,-0.01941240392625332,0.6303784251213074,0.4874337911605835,-0.03348659723997116,0.6427484750747681,0.5350834727287292,-0.039996400475502014,0.6660485863685608,0.48115020990371704,-0.0012459864374250174,0.6539199352264404,0.3999900817871094,-0.030213234946131706,0.6618426442146301,0.4849850535392761,-0.04109877347946167,0.6727443933486938,0.542696475982666,-0.04038523510098457,0.6972928643226624,0.47001442313194275,-0.00885454099625349,0.6905586123466492,0.381376713514328,-0.030283836647868156,0.6839368343353271,0.45647063851356506,-0.02897936850786209,0.6833727359771729,0.5255020260810852,-0.020504441112279892,0.7276975512504578,0.4702039659023285,-0.018340496346354485,0.7289299964904785,0.3799673318862915,-0.0285493116825819,0.7298583388328552,0.3207818567752838,-0.03174709901213646,0.7318408489227295,0.26687735319137573,-0.031382735818624496,0.0,0.0,0.0,0.0,0.0,0.0,0.0,0.0,0.0,0.0,0.0,0.0,0.0,0.0,0.0,0.0,0.0,0.0,0.0,0.0,0.0,0.0,0.0,0.0,0.0,0.0,0.0,0.0,0.0,0.0,0.0,0.0,0.0,0.0,0.0,0.0,0.0,0.0,0.0,0.0,0.0,0.0,0.0,0.0,0.0,0.0,0.0,0.0,0.0,0.0,0.0,0.0,0.0,0.0,0.0,0.0,0.0,0.0,0.0,0.0,0.0,0.0,0.0,I
0.7268559336662292,0.7237269282341003,-3.404535391382524e-07,0.6676459908485413,0.6895260214805603,-0.01437388639897108,0.6232423782348633,0.6011340022087097,-0.02413700520992279,0.6349477171897888,0.5077180862426758,-0.035728055983781815,0.6782394051551819,0.479728102684021,-0.04315566644072533,0.6367394328117371,0.5110373497009277,-0.0008141169673763216,0.6167422533035278,0.42542046308517456,-0.023887889459729195,0.6303772926330566,0.4918499290943146,-0.037730179727077484,0.6450053453445435,0.5395530462265015,-0.044015251100063324,0.6693403124809265,0.48727428913116455,-0.0031880561728030443,0.6524689197540283,0.40280991792678833,-0.031043754890561104,0.6640082597732544,0.4922020435333252,-0.04013387858867645,0.6754394769668579,0.542147696018219,-0.039023835211992264,0.7004930377006531,0.4740813374519348,-0.009733323007822037,0.6912704706192017,0.37664875388145447,-0.03054821863770485,0.6882555484771729,0.44975581765174866,-0.0271071195602417,0.6900995373725891,0.5147693157196045,-0.01816708594560623,0.7329439520835876,0.4724523723125458,-0.01850113458931446,0.7307162880897522,0.3783470094203949,-0.028720658272504807,0.7308799028396606,0.31801140308380127,-0.031050369143486023,0.7311905026435852,0.2604597806930542,-0.03050164505839348,0.0,0.0,0.0,0.0,0.0,0.0,0.0,0.0,0.0,0.0,0.0,0.0,0.0,0.0,0.0,0.0,0.0,0.0,0.0,0.0,0.0,0.0,0.0,0.0,0.0,0.0,0.0,0.0,0.0,0.0,0.0,0.0,0.0,0.0,0.0,0.0,0.0,0.0,0.0,0.0,0.0,0.0,0.0,0.0,0.0,0.0,0.0,0.0,0.0,0.0,0.0,0.0,0.0,0.0,0.0,0.0,0.0,0.0,0.0,0.0,0.0,0.0,0.0,I
0.7318070530891418,0.7264221906661987,-3.4218336963931506e-07,0.6723307967185974,0.6949262022972107,-0.015749694779515266,0.6266455054283142,0.6041578054428101,-0.025972647592425346,0.6381519436836243,0.507276177406311,-0.03863375633955002,0.6835314035415649,0.4779348075389862,-0.04702350124716759,0.6338646411895752,0.5166063904762268,0.0011385019170120358,0.6118119955062866,0.43056172132492065,-0.023245813325047493,0.6296044588088989,0.4984000325202942,-0.037799399346113205,0.646293044090271,0.5414520502090454,-0.044351015239953995,0.6675913333892822,0.4906970262527466,-0.001530413399450481,0.6491544842720032,0.40299028158187866,-0.032988861203193665,0.6647914052009583,0.4917967617511749,-0.044319335371255875,0.6785423755645752,0.5430973172187805,-0.043294113129377365,0.7003458738327026,0.47338351607322693,-0.008754166774451733,0.6872395277023315,0.3715668320655823,-0.031809039413928986,0.6883810758590698,0.4427284300327301,-0.03124561719596386,0.6923730969429016,0.50548255443573,-0.02313162013888359,0.7325416207313538,0.466133177280426,-0.018247436732053757,0.7278023362159729,0.3745792806148529,-0.02826252393424511,0.7250896692276001,0.3165670931339264,-0.03177739307284355,0.7218341827392578,0.2597278356552124,-0.031882382929325104,0.0,0.0,0.0,0.0,0.0,0.0,0.0,0.0,0.0,0.0,0.0,0.0,0.0,0.0,0.0,0.0,0.0,0.0,0.0,0.0,0.0,0.0,0.0,0.0,0.0,0.0,0.0,0.0,0.0,0.0,0.0,0.0,0.0,0.0,0.0,0.0,0.0,0.0,0.0,0.0,0.0,0.0,0.0,0.0,0.0,0.0,0.0,0.0,0.0,0.0,0.0,0.0,0.0,0.0,0.0,0.0,0.0,0.0,0.0,0.0,0.0,0.0,0.0,I
0.7361414432525635,0.7319866418838501,-3.82727904479907e-07,0.6763088703155518,0.6986321806907654,-0.016461100429296494,0.6314945816993713,0.6096982359886169,-0.02738727070391178,0.6430187225341797,0.5125983357429504,-0.03944937512278557,0.6880724430084229,0.4809502959251404,-0.046873074024915695,0.6357441544532776,0.5192797183990479,-0.0030762043315917253,0.6119050979614258,0.43038374185562134,-0.026590095832943916,0.6300081610679626,0.49895113706588745,-0.04214240983128548,0.6448980569839478,0.5423080921173096,-0.05075570568442345,0.66961270570755,0.48949572443962097,-0.004597925581037998,0.6479209661483765,0.4015858769416809,-0.030805377289652824,0.6659606695175171,0.49257194995880127,-0.041383251547813416,0.6757193803787231,0.5316510200500488,-0.04316927120089531,0.7010818123817444,0.47294899821281433,-0.010345807299017906,0.6879491209983826,0.37006285786628723,-0.02892249822616577,0.68836909532547,0.4334941804409027,-0.02847490832209587,0.6912328600883484,0.4906904697418213,-0.02359132096171379,0.734745442867279,0.468496710062027,-0.01840979978442192,0.7274304032325745,0.37326115369796753,-0.02697017416357994,0.7256761193275452,0.3138555884361267,-0.031099991872906685,0.7225999236106873,0.25784194469451904,-0.033304065465927124,0.0,0.0,0.0,0.0,0.0,0.0,0.0,0.0,0.0,0.0,0.0,0.0,0.0,0.0,0.0,0.0,0.0,0.0,0.0,0.0,0.0,0.0,0.0,0.0,0.0,0.0,0.0,0.0,0.0,0.0,0.0,0.0,0.0,0.0,0.0,0.0,0.0,0.0,0.0,0.0,0.0,0.0,0.0,0.0,0.0,0.0,0.0,0.0,0.0,0.0,0.0,0.0,0.0,0.0,0.0,0.0,0.0,0.0,0.0,0.0,0.0,0.0,0.0,I
0.7384986281394958,0.7375960946083069,-3.776660264520615e-07,0.6774139404296875,0.7047088742256165,-0.018080851063132286,0.6324348449707031,0.6094401478767395,-0.029385751113295555,0.6459496021270752,0.5103123784065247,-0.04228343442082405,0.6927859783172607,0.482063353061676,-0.05050234869122505,0.6365975141525269,0.5186183452606201,-0.00045986403711140156,0.613358199596405,0.43125811219215393,-0.02475348487496376,0.635724663734436,0.4995802640914917,-0.04039164260029793,0.6529890894889832,0.5450475215911865,-0.04824028164148331,0.6719685196876526,0.49089932441711426,-0.002276406856253743,0.6533005833625793,0.39833277463912964,-0.033764615654945374,0.672601044178009,0.48867878317832947,-0.04730360582470894,0.6840346455574036,0.5419794917106628,-0.048357028514146805,0.7050276398658752,0.47405821084976196,-0.008762327954173088,0.6933934092521667,0.3678410053253174,-0.030700117349624634,0.693287193775177,0.4252752959728241,-0.034039456397295,0.6941869258880615,0.48210036754608154,-0.029595907777547836,0.7386713624000549,0.4684845805168152,-0.017633382230997086,0.7327505350112915,0.3736560642719269,-0.026183195412158966,0.732559323310852,0.3135930895805359,-0.031279247254133224,0.7296810746192932,0.25733682513237,-0.033466458320617676,0.0,0.0,0.0,0.0,0.0,0.0,0.0,0.0,0.0,0.0,0.0,0.0,0.0,0.0,0.0,0.0,0.0,0.0,0.0,0.0,0.0,0.0,0.0,0.0,0.0,0.0,0.0,0.0,0.0,0.0,0.0,0.0,0.0,0.0,0.0,0.0,0.0,0.0,0.0,0.0,0.0,0.0,0.0,0.0,0.0,0.0,0.0,0.0,0.0,0.0,0.0,0.0,0.0,0.0,0.0,0.0,0.0,0.0,0.0,0.0,0.0,0.0,0.0,I
0.7373015880584717,0.744574785232544,-3.7854937318115844e-07,0.6774553656578064,0.7053024172782898,-0.015925560146570206,0.634310781955719,0.6122421622276306,-0.02742163836956024,0.6487414836883545,0.5127127170562744,-0.041109662503004074,0.6947837471961975,0.4899240732192993,-0.05055148899555206,0.6412263512611389,0.5190718173980713,0.0001707241899566725,0.6193642616271973,0.42858821153640747,-0.025232700631022453,0.6393371224403381,0.4992085099220276,-0.04200274869799614,0.6560966372489929,0.5491806864738464,-0.0506151057779789,0.6760627031326294,0.49357375502586365,-0.002554970560595393,0.6583939790725708,0.40273839235305786,-0.03281088173389435,0.6756506562232971,0.4958905875682831,-0.04511196166276932,0.6861733794212341,0.5469604730606079,-0.04637670889496803,0.709744393825531,0.4789789617061615,-0.009899786673486233,0.699851393699646,0.3737497925758362,-0.03178955242037773,0.6990441083908081,0.4422667920589447,-0.03236578404903412,0.6996736526489258,0.507025957107544,-0.026447510346770287,0.7440796494483948,0.47666478157043457,-0.019627230241894722,0.7399670481681824,0.3800535500049591,-0.030008485540747643,0.740710973739624,0.3177945911884308,-0.0348387286067009,0.740061342716217,0.26003533601760864,-0.03655591979622841,0.0,0.0,0.0,0.0,0.0,0.0,0.0,0.0,0.0,0.0,0.0,0.0,0.0,0.0,0.0,0.0,0.0,0.0,0.0,0.0,0.0,0.0,0.0,0.0,0.0,0.0,0.0,0.0,0.0,0.0,0.0,0.0,0.0,0.0,0.0,0.0,0.0,0.0,0.0,0.0,0.0,0.0,0.0,0.0,0.0,0.0,0.0,0.0,0.0,0.0,0.0,0.0,0.0,0.0,0.0,0.0,0.0,0.0,0.0,0.0,0.0,0.0,0.0,I
0.7390488982200623,0.7548274993896484,-3.541590558597818e-07,0.6780720353126526,0.7076417803764343,-0.01240494567900896,0.6354238986968994,0.6108879446983337,-0.02172684296965599,0.6490699648857117,0.5132758617401123,-0.03471924737095833,0.6953388452529907,0.49404746294021606,-0.043752554804086685,0.6485098004341125,0.519976794719696,0.007228596601635218,0.6294659972190857,0.43399930000305176,-0.01678837649524212,0.6476168632507324,0.5047596096992493,-0.032220300287008286,0.6634753942489624,0.5532727837562561,-0.03955706208944321,0.6834809184074402,0.49839821457862854,0.0023303446359932423,0.6701259613037109,0.4091554284095764,-0.03018263354897499,0.682122528553009,0.4977545440196991,-0.043736204504966736,0.6928206086158752,0.5577073693275452,-0.044228944927453995,0.7188662886619568,0.48480743169784546,-0.007081248331815004,0.7112933397293091,0.38420164585113525,-0.032299499958753586,0.7075737714767456,0.45834532380104065,-0.03400522843003273,0.7069499492645264,0.5278486609458923,-0.026690809056162834,0.7528876662254333,0.48140525817871094,-0.01851418800652027,0.7528166770935059,0.3852316737174988,-0.03047785349190235,0.7548879981040955,0.3233565092086792,-0.03517429903149605,0.7571073770523071,0.26646116375923157,-0.035535819828510284,0.0,0.0,0.0,0.0,0.0,0.0,0.0,0.0,0.0,0.0,0.0,0.0,0.0,0.0,0.0,0.0,0.0,0.0,0.0,0.0,0.0,0.0,0.0,0.0,0.0,0.0,0.0,0.0,0.0,0.0,0.0,0.0,0.0,0.0,0.0,0.0,0.0,0.0,0.0,0.0,0.0,0.0,0.0,0.0,0.0,0.0,0.0,0.0,0.0,0.0,0.0,0.0,0.0,0.0,0.0,0.0,0.0,0.0,0.0,0.0,0.0,0.0,0.0,I
0.740698516368866,0.7566423416137695,-3.58487000085006e-07,0.6819173097610474,0.7089223265647888,-0.011796382255852222,0.6407948732376099,0.6117805242538452,-0.02140960842370987,0.652992308139801,0.5184033513069153,-0.03456389904022217,0.6968585848808289,0.4987398684024811,-0.0436442568898201,0.6592165231704712,0.5112370252609253,0.004676592070609331,0.6427813768386841,0.42496830224990845,-0.020818229764699936,0.6550022959709167,0.49877578020095825,-0.036102280020713806,0.6691338419914246,0.551898717880249,-0.04270065948367119,0.6942304372787476,0.4949875771999359,-0.00044173008063808084,0.682648777961731,0.4078999161720276,-0.03426400199532509,0.6891173720359802,0.5002572536468506,-0.04660854488611221,0.6996636986732483,0.56291264295578,-0.04596937447786331,0.7294416427612305,0.4873548746109009,-0.01003348734229803,0.7247034311294556,0.3881784975528717,-0.03726443648338318,0.7156214118003845,0.46694931387901306,-0.03799986466765404,0.7127600312232971,0.5392680764198303,-0.029464174062013626,0.7625795602798462,0.49070465564727783,-0.02143838442862034,0.7655321955680847,0.39187294244766235,-0.03565900772809982,0.7680067420005798,0.32831859588623047,-0.04095511510968208,0.772287905216217,0.26953279972076416,-0.04121403023600578,0.0,0.0,0.0,0.0,0.0,0.0,0.0,0.0,0.0,0.0,0.0,0.0,0.0,0.0,0.0,0.0,0.0,0.0,0.0,0.0,0.0,0.0,0.0,0.0,0.0,0.0,0.0,0.0,0.0,0.0,0.0,0.0,0.0,0.0,0.0,0.0,0.0,0.0,0.0,0.0,0.0,0.0,0.0,0.0,0.0,0.0,0.0,0.0,0.0,0.0,0.0,0.0,0.0,0.0,0.0,0.0,0.0,0.0,0.0,0.0,0.0,0.0,0.0,I
0.7433305978775024,0.7541455626487732,-3.8256996504060226e-07,0.685192883014679,0.701587975025177,-0.01030105259269476,0.6464711427688599,0.5983619689941406,-0.018757939338684082,0.6609451174736023,0.5047687888145447,-0.03112482838332653,0.7057040929794312,0.4956115186214447,-0.039929162710905075,0.6721007823944092,0.49959418177604675,0.006855717860162258,0.6589115858078003,0.41779932379722595,-0.017122047021985054,0.6677703261375427,0.4949216842651367,-0.03161672130227089,0.6794242262840271,0.5489957332611084,-0.03804486244916916,0.7067278027534485,0.4854130446910858,0.0012623841175809503,0.6972056031227112,0.4004739820957184,-0.031715963035821915,0.700293779373169,0.4945068061351776,-0.0441216304898262,0.7091692090034485,0.5613505244255066,-0.04343857616186142,0.7415636777877808,0.4808517396450043,-0.008568367920815945,0.7368358373641968,0.386415958404541,-0.03548542782664299,0.723757803440094,0.46627357602119446,-0.037190377712249756,0.7184141874313354,0.5406485199928284,-0.02917657233774662,0.7738238573074341,0.4873808026313782,-0.020022673532366753,0.7776873111724854,0.39036568999290466,-0.034160174429416656,0.7812526822090149,0.3279745876789093,-0.040038131177425385,0.7871132493019104,0.27080225944519043,-0.04081040993332863,0.0,0.0,0.0,0.0,0.0,0.0,0.0,0.0,0.0,0.0,0.0,0.0,0.0,0.0,0.0,0.0,0.0,0.0,0.0,0.0,0.0,0.0,0.0,0.0,0.0,0.0,0.0,0.0,0.0,0.0,0.0,0.0,0.0,0.0,0.0,0.0,0.0,0.0,0.0,0.0,0.0,0.0,0.0,0.0,0.0,0.0,0.0,0.0,0.0,0.0,0.0,0.0,0.0,0.0,0.0,0.0,0.0,0.0,0.0,0.0,0.0,0.0,0.0,I
0.7438148260116577,0.7505861520767212,-3.5352522331777436e-07,0.6867690682411194,0.6944610476493835,-0.008645210415124893,0.6518750190734863,0.5889831185340881,-0.015958918258547783,0.6660333275794983,0.4995352625846863,-0.02752743661403656,0.7086129188537598,0.4931294023990631,-0.03605633229017258,0.6824524402618408,0.49466753005981445,0.00945984199643135,0.6724540591239929,0.4100598394870758,-0.012159951031208038,0.6742419004440308,0.48365044593811035,-0.025698984041810036,0.6817283034324646,0.539689838886261,-0.031892500817775726,0.7150145769119263,0.4843008816242218,0.0031254240311682224,0.7065126895904541,0.3960352838039398,-0.02946694940328598,0.7033299207687378,0.48605120182037354,-0.043628133833408356,0.7086482048034668,0.5556934475898743,-0.04409933462738991,0.7485112547874451,0.48141413927078247,-0.007029643282294273,0.743654727935791,0.383582204580307,-0.03328751027584076,0.7253388166427612,0.4619479477405548,-0.035985276103019714,0.7158701419830322,0.5383942723274231,-0.02875824272632599,0.7799674868583679,0.48912718892097473,-0.018587999045848846,0.7872123718261719,0.39073115587234497,-0.03179388865828514,0.7925154566764832,0.3252127468585968,-0.03750697523355484,0.7986322641372681,0.26454269886016846,-0.03854520991444588,0.0,0.0,0.0,0.0,0.0,0.0,0.0,0.0,0.0,0.0,0.0,0.0,0.0,0.0,0.0,0.0,0.0,0.0,0.0,0.0,0.0,0.0,0.0,0.0,0.0,0.0,0.0,0.0,0.0,0.0,0.0,0.0,0.0,0.0,0.0,0.0,0.0,0.0,0.0,0.0,0.0,0.0,0.0,0.0,0.0,0.0,0.0,0.0,0.0,0.0,0.0,0.0,0.0,0.0,0.0,0.0,0.0,0.0,0.0,0.0,0.0,0.0,0.0,I
0.7411113977432251,0.7478571534156799,-3.790224525346275e-07,0.6872484683990479,0.6893715262413025,-0.00959596037864685,0.6535645723342896,0.5795469880104065,-0.017382070422172546,0.6692304611206055,0.491220623254776,-0.028545724228024483,0.7118357419967651,0.4964434802532196,-0.03662339597940445,0.6854835152626038,0.4879949986934662,0.004180611111223698,0.6777077317237854,0.4061112403869629,-0.01595441997051239,0.6784383058547974,0.483623206615448,-0.027502013370394707,0.6858814358711243,0.53570157289505,-0.03304441645741463,0.7189651131629944,0.47795650362968445,-0.0010828337399289012,0.7125254273414612,0.39276641607284546,-0.03282826393842697,0.7084916830062866,0.48818302154541016,-0.044789258390665054,0.7147760987281799,0.5563220977783203,-0.04378535971045494,0.752453625202179,0.47726303339004517,-0.009641320444643497,0.7503131031990051,0.37813228368759155,-0.034677907824516296,0.7293771505355835,0.4578673541545868,-0.035578299313783646,0.718399167060852,0.532629668712616,-0.02740754932165146,0.78348308801651,0.48802900314331055,-0.019560113549232483,0.790969729423523,0.3891521990299225,-0.03213629499077797,0.795632541179657,0.3238712549209595,-0.03712482005357742,0.8020294308662415,0.2619587779045105,-0.037764426320791245,0.0,0.0,0.0,0.0,0.0,0.0,0.0,0.0,0.0,0.0,0.0,0.0,0.0,0.0,0.0,0.0,0.0,0.0,0.0,0.0,0.0,0.0,0.0,0.0,0.0,0.0,0.0,0.0,0.0,0.0,0.0,0.0,0.0,0.0,0.0,0.0,0.0,0.0,0.0,0.0,0.0,0.0,0.0,0.0,0.0,0.0,0.0,0.0,0.0,0.0,0.0,0.0,0.0,0.0,0.0,0.0,0.0,0.0,0.0,0.0,0.0,0.0,0.0,I
0.7408120036125183,0.7441056966781616,-4.087033858013456e-07,0.6878296136856079,0.6837376952171326,-0.008226568810641766,0.6561565399169922,0.5770449638366699,-0.01519038900732994,0.6676471829414368,0.49219998717308044,-0.02661937102675438,0.7062723636627197,0.49001070857048035,-0.03495102748274803,0.6915536522865295,0.48261815309524536,0.008177214302122593,0.6829900741577148,0.40192702412605286,-0.014643002301454544,0.679747998714447,0.47893399000167847,-0.02756257727742195,0.6859191060066223,0.5308958888053894,-0.033007510006427765,0.7221368551254272,0.47527191042900085,0.0016064883675426245,0.7148782014846802,0.3905591666698456,-0.03200298175215721,0.7073102593421936,0.4849400818347931,-0.044259410351514816,0.7132881879806519,0.5493296980857849,-0.04287508875131607,0.7539119124412537,0.4765681326389313,-0.008780492469668388,0.751570463180542,0.3791041374206543,-0.03650340065360069,0.7295170426368713,0.4624430239200592,-0.03650183975696564,0.7203996777534485,0.5366333723068237,-0.026491880416870117,0.7837600708007812,0.4884064495563507,-0.020531760528683662,0.7921968698501587,0.3886502683162689,-0.034536343067884445,0.7966578006744385,0.3247140944004059,-0.03880024701356888,0.8048185110092163,0.2648901045322418,-0.03800196200609207,0.0,0.0,0.0,0.0,0.0,0.0,0.0,0.0,0.0,0.0,0.0,0.0,0.0,0.0,0.0,0.0,0.0,0.0,0.0,0.0,0.0,0.0,0.0,0.0,0.0,0.0,0.0,0.0,0.0,0.0,0.0,0.0,0.0,0.0,0.0,0.0,0.0,0.0,0.0,0.0,0.0,0.0,0.0,0.0,0.0,0.0,0.0,0.0,0.0,0.0,0.0,0.0,0.0,0.0,0.0,0.0,0.0,0.0,0.0,0.0,0.0,0.0,0.0,I
0.7408104538917542,0.7394219040870667,-4.0765050357549626e-07,0.689668595790863,0.6793025732040405,-0.009335671551525593,0.6589399576187134,0.5734459757804871,-0.0166783444583416,0.66937255859375,0.4883354604244232,-0.02832464873790741,0.7071854472160339,0.48608794808387756,-0.03652220964431763,0.6929576396942139,0.47765615582466125,0.007684832438826561,0.6848540306091309,0.3989177644252777,-0.015378676354885101,0.6823927164077759,0.47730448842048645,-0.027790093794465065,0.6894725561141968,0.528013288974762,-0.03270307183265686,0.7235286235809326,0.4711633324623108,0.0015107468934729695,0.7160519361495972,0.3890130817890167,-0.033173296600580215,0.709779679775238,0.48681455850601196,-0.04515236243605614,0.7170480489730835,0.5521450042724609,-0.0430695079267025,0.7552132606506348,0.47327467799186707,-0.008714876137673855,0.7519463300704956,0.37750735878944397,-0.037694960832595825,0.7286481857299805,0.4604714512825012,-0.038210127502679825,0.7185795307159424,0.5341590642929077,-0.02801976539194584,0.7849217653274536,0.4850928783416748,-0.02030678279697895,0.794455349445343,0.38439518213272095,-0.034719765186309814,0.7992745041847229,0.3199208378791809,-0.039503756910562515,0.8073503375053406,0.26031017303466797,-0.038976237177848816,0.0,0.0,0.0,0.0,0.0,0.0,0.0,0.0,0.0,0.0,0.0,0.0,0.0,0.0,0.0,0.0,0.0,0.0,0.0,0.0,0.0,0.0,0.0,0.0,0.0,0.0,0.0,0.0,0.0,0.0,0.0,0.0,0.0,0.0,0.0,0.0,0.0,0.0,0.0,0.0,0.0,0.0,0.0,0.0,0.0,0.0,0.0,0.0,0.0,0.0,0.0,0.0,0.0,0.0,0.0,0.0,0.0,0.0,0.0,0.0,0.0,0.0,0.0,I
0.7409903407096863,0.7360072135925293,-3.961613685987686e-07,0.6898959875106812,0.6751956939697266,-0.009504166431725025,0.6579197645187378,0.573014497756958,-0.017335407435894012,0.6700244545936584,0.4901095926761627,-0.029530929401516914,0.7091070413589478,0.4804123044013977,-0.03826972097158432,0.6905043721199036,0.4753270745277405,0.007524913642555475,0.6832859516143799,0.39838165044784546,-0.015957456082105637,0.6828018426895142,0.47605100274086,-0.028967833146452904,0.6902171969413757,0.5248091220855713,-0.03439995273947716,0.722204864025116,0.46857789158821106,0.0013537047198042274,0.7157024145126343,0.3882831037044525,-0.03351227194070816,0.7105587124824524,0.4867684245109558,-0.04573327675461769,0.7178660035133362,0.5507965683937073,-0.04408922418951988,0.7544212937355042,0.46973466873168945,-0.008945461362600327,0.7528402209281921,0.37453415989875793,-0.03855282813310623,0.7302327156066895,0.4583199918270111,-0.038911204785108566,0.7201147079467773,0.5320655107498169,-0.0285740215331316,0.7845848202705383,0.4809534251689911,-0.020563872531056404,0.7943019270896912,0.3812492787837982,-0.035766586661338806,0.7992254495620728,0.3183121085166931,-0.040436070412397385,0.8066781163215637,0.2591301500797272,-0.03967626765370369,0.0,0.0,0.0,0.0,0.0,0.0,0.0,0.0,0.0,0.0,0.0,0.0,0.0,0.0,0.0,0.0,0.0,0.0,0.0,0.0,0.0,0.0,0.0,0.0,0.0,0.0,0.0,0.0,0.0,0.0,0.0,0.0,0.0,0.0,0.0,0.0,0.0,0.0,0.0,0.0,0.0,0.0,0.0,0.0,0.0,0.0,0.0,0.0,0.0,0.0,0.0,0.0,0.0,0.0,0.0,0.0,0.0,0.0,0.0,0.0,0.0,0.0,0.0,I
0.7437424063682556,0.7385266423225403,-3.9739731505505915e-07,0.6909390687942505,0.6838894486427307,-0.009007731452584267,0.6555824875831604,0.575693666934967,-0.015877576544880867,0.6670593619346619,0.48739367723464966,-0.026867054402828217,0.7071769833564758,0.4877338111400604,-0.03443678095936775,0.6855125427246094,0.4805559515953064,0.00784461572766304,0.677365779876709,0.40343475341796875,-0.014265022240579128,0.6798281073570251,0.47988343238830566,-0.02721450850367546,0.6882596611976624,0.5286105275154114,-0.033020466566085815,0.7183449864387512,0.4699270725250244,0.0018549100495874882,0.7112479209899902,0.3885738253593445,-0.030137330293655396,0.7085422277450562,0.4837506115436554,-0.040968120098114014,0.7156293392181396,0.5470476746559143,-0.03897615894675255,0.7513376474380493,0.4685544967651367,-0.008122151717543602,0.7485722303390503,0.3758430480957031,-0.03467041254043579,0.7304640412330627,0.4588983654975891,-0.03414639085531235,0.7231273055076599,0.5322876572608948,-0.024127613753080368,0.7826070189476013,0.47800078988075256,-0.01958301104605198,0.7912180423736572,0.3800947964191437,-0.03295349329710007,0.7962769865989685,0.3174160122871399,-0.03715115413069725,0.8036625385284424,0.2586270272731781,-0.03664612025022507,0.0,0.0,0.0,0.0,0.0,0.0,0.0,0.0,0.0,0.0,0.0,0.0,0.0,0.0,0.0,0.0,0.0,0.0,0.0,0.0,0.0,0.0,0.0,0.0,0.0,0.0,0.0,0.0,0.0,0.0,0.0,0.0,0.0,0.0,0.0,0.0,0.0,0.0,0.0,0.0,0.0,0.0,0.0,0.0,0.0,0.0,0.0,0.0,0.0,0.0,0.0,0.0,0.0,0.0,0.0,0.0,0.0,0.0,0.0,0.0,0.0,0.0,0.0,I
0.7440338134765625,0.7464001774787903,-3.8610500041613705e-07,0.6887865662574768,0.6998576521873474,-0.012359384447336197,0.6500182747840881,0.5885738134384155,-0.019672522321343422,0.6630204916000366,0.496368944644928,-0.030176877975463867,0.7062676548957825,0.4975739121437073,-0.036743324249982834,0.6765285730361938,0.49098268151283264,0.003942579030990601,0.6666514873504639,0.41319817304611206,-0.01737459935247898,0.6718824505805969,0.4918704032897949,-0.028714919462800026,0.681172788143158,0.5339349508285522,-0.0340133011341095,0.7112440466880798,0.475259006023407,-0.0003951008548028767,0.7026761770248413,0.39469513297080994,-0.03216228634119034,0.7030895352363586,0.4935537874698639,-0.04128912091255188,0.7108688354492188,0.5510517358779907,-0.038315847516059875,0.7456632852554321,0.470558226108551,-0.008955399505794048,0.7417880296707153,0.3773263096809387,-0.03630796819925308,0.7260905504226685,0.46621349453926086,-0.03501533716917038,0.7196766138076782,0.5396407842636108,-0.024518810212612152,0.7782131433486938,0.47733181715011597,-0.01919078454375267,0.7861618399620056,0.3799434304237366,-0.033924948424100876,0.7918461561203003,0.3176550269126892,-0.038903314620256424,0.7994667291641235,0.2562658488750458,-0.03890329599380493,0.0,0.0,0.0,0.0,0.0,0.0,0.0,0.0,0.0,0.0,0.0,0.0,0.0,0.0,0.0,0.0,0.0,0.0,0.0,0.0,0.0,0.0,0.0,0.0,0.0,0.0,0.0,0.0,0.0,0.0,0.0,0.0,0.0,0.0,0.0,0.0,0.0,0.0,0.0,0.0,0.0,0.0,0.0,0.0,0.0,0.0,0.0,0.0,0.0,0.0,0.0,0.0,0.0,0.0,0.0,0.0,0.0,0.0,0.0,0.0,0.0,0.0,0.0,I
0.7422475814819336,0.7561660408973694,-3.5980446000394295e-07,0.6864699721336365,0.7078171968460083,-0.012364854104816914,0.6461027264595032,0.598539412021637,-0.020273908972740173,0.6576213836669922,0.5014078617095947,-0.03132828697562218,0.7017430067062378,0.499237596988678,-0.038629185408353806,0.6707745790481567,0.4989457428455353,0.0055044409818947315,0.6598972678184509,0.4205995798110962,-0.016269655898213387,0.6666167378425598,0.49675437808036804,-0.02896498702466488,0.6767008304595947,0.5405740141868591,-0.03529004380106926,0.7055444717407227,0.4817889928817749,0.001280255033634603,0.6955296397209167,0.3995475471019745,-0.03020084835588932,0.6975569128990173,0.4951031804084778,-0.040442463010549545,0.7061867117881775,0.5525568127632141,-0.03866109251976013,0.7405657768249512,0.47636285424232483,-0.007279334589838982,0.7362357378005981,0.38193538784980774,-0.03407630696892738,0.7219225168228149,0.469449520111084,-0.03327001631259918,0.7161983251571655,0.5433374643325806,-0.02364555187523365,0.7737898826599121,0.48334023356437683,-0.017580775544047356,0.7813000679016113,0.38521894812583923,-0.03213740140199661,0.7868311405181885,0.32099252939224243,-0.03748386725783348,0.793547511100769,0.2574099600315094,-0.03805673122406006,0.0,0.0,0.0,0.0,0.0,0.0,0.0,0.0,0.0,0.0,0.0,0.0,0.0,0.0,0.0,0.0,0.0,0.0,0.0,0.0,0.0,0.0,0.0,0.0,0.0,0.0,0.0,0.0,0.0,0.0,0.0,0.0,0.0,0.0,0.0,0.0,0.0,0.0,0.0,0.0,0.0,0.0,0.0,0.0,0.0,0.0,0.0,0.0,0.0,0.0,0.0,0.0,0.0,0.0,0.0,0.0,0.0,0.0,0.0,0.0,0.0,0.0,0.0,I
0.7419363856315613,0.7510711550712585,-3.3171136237797327e-07,0.6827369928359985,0.7075748443603516,-0.013392717577517033,0.6414340138435364,0.6022884249687195,-0.022171709686517715,0.6567556262016296,0.5078476071357727,-0.03384633734822273,0.7024812698364258,0.5052533745765686,-0.04219025745987892,0.6649504899978638,0.5044839978218079,0.0017359064659103751,0.6532315015792847,0.4245252013206482,-0.021045241504907608,0.6609551310539246,0.4971430003643036,-0.0348946675658226,0.6712912321090698,0.5423892736434937,-0.041903071105480194,0.7002177834510803,0.48541176319122314,-0.0019206047290936112,0.6909854412078857,0.40418049693107605,-0.03294163942337036,0.6931392550468445,0.49521705508232117,-0.043744608759880066,0.7012354731559753,0.5500388145446777,-0.043313875794410706,0.7354165315628052,0.47796979546546936,-0.009749292396008968,0.7326155304908752,0.38507214188575745,-0.03664703294634819,0.7197263240814209,0.4728411138057709,-0.03582574054598808,0.715206503868103,0.546798825263977,-0.026653200387954712,0.7686663866043091,0.4828653931617737,-0.019387507811188698,0.776627242565155,0.38472333550453186,-0.03458104282617569,0.7815727591514587,0.3192936182022095,-0.03984663635492325,0.787992000579834,0.2546675205230713,-0.04049389064311981,0.0,0.0,0.0,0.0,0.0,0.0,0.0,0.0,0.0,0.0,0.0,0.0,0.0,0.0,0.0,0.0,0.0,0.0,0.0,0.0,0.0,0.0,0.0,0.0,0.0,0.0,0.0,0.0,0.0,0.0,0.0,0.0,0.0,0.0,0.0,0.0,0.0,0.0,0.0,0.0,0.0,0.0,0.0,0.0,0.0,0.0,0.0,0.0,0.0,0.0,0.0,0.0,0.0,0.0,0.0,0.0,0.0,0.0,0.0,0.0,0.0,0.0,0.0,I
0.743628203868866,0.752877950668335,-2.951120450234157e-07,0.6831701993942261,0.7095441818237305,-0.013707923702895641,0.6400691270828247,0.6112587451934814,-0.02306782454252243,0.6577789187431335,0.5181870460510254,-0.03496488928794861,0.7052719593048096,0.5049842596054077,-0.0430012010037899,0.6582830548286438,0.5095046162605286,0.0008656336576677859,0.6398448944091797,0.4304186999797821,-0.023015793412923813,0.6543443202972412,0.49885740876197815,-0.03850371763110161,0.6693118810653687,0.543722927570343,-0.04644155502319336,0.6948548555374146,0.4872716963291168,-0.0022985392715781927,0.6806119084358215,0.4098510444164276,-0.03204220160841942,0.6892412304878235,0.49892815947532654,-0.04230935499072075,0.6998753547668457,0.5490303039550781,-0.042152803391218185,0.7306010723114014,0.4775245189666748,-0.009812821634113789,0.7244097590446472,0.38698700070381165,-0.034581054002046585,0.7165911793708801,0.47300997376441956,-0.031528715044260025,0.7153602242469788,0.5446640849113464,-0.021692397072911263,0.7643193006515503,0.48072493076324463,-0.019380765035748482,0.7703595161437988,0.3849843442440033,-0.03349790349602699,0.7736961841583252,0.3208196461200714,-0.03725505992770195,0.7774316072463989,0.255811870098114,-0.0368940532207489,0.0,0.0,0.0,0.0,0.0,0.0,0.0,0.0,0.0,0.0,0.0,0.0,0.0,0.0,0.0,0.0,0.0,0.0,0.0,0.0,0.0,0.0,0.0,0.0,0.0,0.0,0.0,0.0,0.0,0.0,0.0,0.0,0.0,0.0,0.0,0.0,0.0,0.0,0.0,0.0,0.0,0.0,0.0,0.0,0.0,0.0,0.0,0.0,0.0,0.0,0.0,0.0,0.0,0.0,0.0,0.0,0.0,0.0,0.0,0.0,0.0,0.0,0.0,I
0.7453472018241882,0.7551954984664917,-3.205546477147436e-07,0.684554934501648,0.7165377736091614,-0.01464213989675045,0.6396384239196777,0.6206588745117188,-0.024565409868955612,0.6575955748558044,0.524729311466217,-0.036723725497722626,0.7065435647964478,0.5110692381858826,-0.04461503028869629,0.6522745490074158,0.5174526572227478,-0.0008968472247943282,0.632104754447937,0.43697279691696167,-0.025290891528129578,0.6478589773178101,0.5079568028450012,-0.04043951630592346,0.6628786325454712,0.5485308170318604,-0.04864352196455002,0.6890485286712646,0.49145418405532837,-0.003793727606534958,0.6725270748138428,0.41471368074417114,-0.032557256519794464,0.6832895874977112,0.507300078868866,-0.04091253876686096,0.6937698721885681,0.5480250716209412,-0.04036867246031761,0.7250760793685913,0.4793214499950409,-0.01129789650440216,0.7174842953681946,0.38745957612991333,-0.03496581315994263,0.7115703225135803,0.47399798035621643,-0.0301749836653471,0.7109828591346741,0.5410446524620056,-0.02023514360189438,0.7596963047981262,0.47981002926826477,-0.02110380493104458,0.7628318667411804,0.3838929533958435,-0.035131633281707764,0.7651896476745605,0.3205583691596985,-0.0387299582362175,0.7678245902061462,0.25450921058654785,-0.03874143958091736,0.0,0.0,0.0,0.0,0.0,0.0,0.0,0.0,0.0,0.0,0.0,0.0,0.0,0.0,0.0,0.0,0.0,0.0,0.0,0.0,0.0,0.0,0.0,0.0,0.0,0.0,0.0,0.0,0.0,0.0,0.0,0.0,0.0,0.0,0.0,0.0,0.0,0.0,0.0,0.0,0.0,0.0,0.0,0.0,0.0,0.0,0.0,0.0,0.0,0.0,0.0,0.0,0.0,0.0,0.0,0.0,0.0,0.0,0.0,0.0,0.0,0.0,0.0,I
0.748084306716919,0.7593902349472046,-3.1226477403833997e-07,0.686722457408905,0.7216873168945312,-0.015327523462474346,0.6406697034835815,0.6286512017250061,-0.02634541317820549,0.6593238115310669,0.5341042280197144,-0.03935684263706207,0.7094619870185852,0.5124595165252686,-0.04791590943932533,0.6492387056350708,0.5282003283500671,-0.0036332516465336084,0.6253134608268738,0.44840481877326965,-0.02832801826298237,0.6448817849159241,0.5175068974494934,-0.04421692714095116,0.661786675453186,0.5547594428062439,-0.053329385817050934,0.6861541271209717,0.5001806616783142,-0.006481134332716465,0.6664261817932129,0.419768363237381,-0.034728098660707474,0.6809256672859192,0.5102771520614624,-0.043310120701789856,0.6921092867851257,0.5497207641601562,-0.04339222609996796,0.7224003076553345,0.4854391813278198,-0.013726381585001945,0.7116416692733765,0.3877738118171692,-0.03530513867735863,0.7088993787765503,0.4692279100418091,-0.029848895967006683,0.709994375705719,0.5356354713439941,-0.020355084910988808,0.7577233910560608,0.48290249705314636,-0.02347785420715809,0.7581707835197449,0.3847212493419647,-0.0361991785466671,0.7587788105010986,0.31967687606811523,-0.03928275778889656,0.7583065032958984,0.2527570128440857,-0.039408765733242035,0.0,0.0,0.0,0.0,0.0,0.0,0.0,0.0,0.0,0.0,0.0,0.0,0.0,0.0,0.0,0.0,0.0,0.0,0.0,0.0,0.0,0.0,0.0,0.0,0.0,0.0,0.0,0.0,0.0,0.0,0.0,0.0,0.0,0.0,0.0,0.0,0.0,0.0,0.0,0.0,0.0,0.0,0.0,0.0,0.0,0.0,0.0,0.0,0.0,0.0,0.0,0.0,0.0,0.0,0.0,0.0,0.0,0.0,0.0,0.0,0.0,0.0,0.0,I
0.7518086433410645,0.7654241323471069,-3.210084855709283e-07,0.6911859512329102,0.7362951040267944,-0.01922866329550743,0.6405171751976013,0.6373621225357056,-0.03056151233613491,0.6587117910385132,0.5356870889663696,-0.04316534474492073,0.7117428779602051,0.5151483416557312,-0.05041000247001648,0.6451836228370667,0.5337939262390137,-0.004948500543832779,0.6220338344573975,0.4506587088108063,-0.030016105622053146,0.642628014087677,0.5236616134643555,-0.044282466173172,0.6592642068862915,0.5600032210350037,-0.0519876629114151,0.6826651692390442,0.502351701259613,-0.00613394845277071,0.6641684770584106,0.4211706221103668,-0.035856593400239944,0.6802947521209717,0.5154419541358948,-0.04234601557254791,0.691459059715271,0.5552732944488525,-0.03957080468535423,0.7195159792900085,0.4865390360355377,-0.012458323501050472,0.7086294889450073,0.38797426223754883,-0.03496294096112251,0.7076974511146545,0.46900513768196106,-0.028429480269551277,0.7089143991470337,0.5329050421714783,-0.017359524965286255,0.7550603151321411,0.48256585001945496,-0.0217190720140934,0.7553784847259521,0.3841713070869446,-0.035198550671339035,0.7547268271446228,0.31868642568588257,-0.038773853331804276,0.7527070045471191,0.2504757046699524,-0.038653913885354996,0.0,0.0,0.0,0.0,0.0,0.0,0.0,0.0,0.0,0.0,0.0,0.0,0.0,0.0,0.0,0.0,0.0,0.0,0.0,0.0,0.0,0.0,0.0,0.0,0.0,0.0,0.0,0.0,0.0,0.0,0.0,0.0,0.0,0.0,0.0,0.0,0.0,0.0,0.0,0.0,0.0,0.0,0.0,0.0,0.0,0.0,0.0,0.0,0.0,0.0,0.0,0.0,0.0,0.0,0.0,0.0,0.0,0.0,0.0,0.0,0.0,0.0,0.0,I
0.7520257234573364,0.772921085357666,-3.3383258823960205e-07,0.6936625838279724,0.7450305819511414,-0.02191157452762127,0.6400893330574036,0.6436508297920227,-0.03420579805970192,0.6579472422599792,0.5386793613433838,-0.04680188000202179,0.7133498191833496,0.5083286166191101,-0.053385477513074875,0.6431716084480286,0.5421679615974426,-0.010404554195702076,0.6187613010406494,0.45674991607666016,-0.03577640280127525,0.6419047117233276,0.5327654480934143,-0.04978124797344208,0.6577993631362915,0.5670487880706787,-0.057883720844984055,0.6808923482894897,0.5084363222122192,-0.010121744126081467,0.6606695652008057,0.42657577991485596,-0.03697836771607399,0.6784635186195374,0.5208556652069092,-0.04130420461297035,0.6880002021789551,0.5503876805305481,-0.03890395909547806,0.717869758605957,0.49248504638671875,-0.015107383020222187,0.7048631310462952,0.3922554850578308,-0.03550205007195473,0.7063571214675903,0.47203946113586426,-0.02723206952214241,0.7090603113174438,0.5315142273902893,-0.016735561192035675,0.7539263963699341,0.4877581298351288,-0.023321188986301422,0.7538848519325256,0.38712841272354126,-0.036694444715976715,0.7537683844566345,0.32138463854789734,-0.04042871668934822,0.7514407634735107,0.2523748576641083,-0.04130050539970398,0.0,0.0,0.0,0.0,0.0,0.0,0.0,0.0,0.0,0.0,0.0,0.0,0.0,0.0,0.0,0.0,0.0,0.0,0.0,0.0,0.0,0.0,0.0,0.0,0.0,0.0,0.0,0.0,0.0,0.0,0.0,0.0,0.0,0.0,0.0,0.0,0.0,0.0,0.0,0.0,0.0,0.0,0.0,0.0,0.0,0.0,0.0,0.0,0.0,0.0,0.0,0.0,0.0,0.0,0.0,0.0,0.0,0.0,0.0,0.0,0.0,0.0,0.0,I
0.7505871057510376,0.7767429947853088,-3.6257435453990183e-07,0.6928191184997559,0.7467603087425232,-0.020945191383361816,0.6414456367492676,0.6493706107139587,-0.03417155146598816,0.659317135810852,0.5446411967277527,-0.04754646494984627,0.712144672870636,0.5130478739738464,-0.05441869795322418,0.6422997117042542,0.5492900013923645,-0.013730932958424091,0.6170077919960022,0.4612205922603607,-0.04005558043718338,0.6391624212265015,0.5368523597717285,-0.05272950604557991,0.6548170447349548,0.5754103064537048,-0.0597541369497776,0.6792337894439697,0.5143871903419495,-0.012943411245942116,0.6575313806533813,0.43409430980682373,-0.03416446968913078,0.6761607527732849,0.5318127274513245,-0.031870268285274506,0.6801074743270874,0.5406378507614136,-0.027596917003393173,0.7154330611228943,0.49878835678100586,-0.01765512488782406,0.7026119232177734,0.4011531472206116,-0.03473176807165146,0.7069964408874512,0.4864795506000519,-0.019700655713677406,0.7116858959197998,0.5437037944793701,-0.006893165875226259,0.7525914907455444,0.49448493123054504,-0.025836583226919174,0.7538370490074158,0.39302825927734375,-0.04018514230847359,0.755150318145752,0.32679396867752075,-0.04295354336500168,0.7539699077606201,0.25686022639274597,-0.043759409338235855,0.0,0.0,0.0,0.0,0.0,0.0,0.0,0.0,0.0,0.0,0.0,0.0,0.0,0.0,0.0,0.0,0.0,0.0,0.0,0.0,0.0,0.0,0.0,0.0,0.0,0.0,0.0,0.0,0.0,0.0,0.0,0.0,0.0,0.0,0.0,0.0,0.0,0.0,0.0,0.0,0.0,0.0,0.0,0.0,0.0,0.0,0.0,0.0,0.0,0.0,0.0,0.0,0.0,0.0,0.0,0.0,0.0,0.0,0.0,0.0,0.0,0.0,0.0,I
0.7507331371307373,0.7801555395126343,-3.8405497093663143e-07,0.6921337842941284,0.7501450777053833,-0.021377986297011375,0.6425415277481079,0.6523149609565735,-0.035342346876859665,0.65853351354599,0.5480260848999023,-0.04884638637304306,0.7121331095695496,0.5163388252258301,-0.055038176476955414,0.6437360048294067,0.549131453037262,-0.016362547874450684,0.6191896796226501,0.4635206162929535,-0.0429818257689476,0.6394175291061401,0.5385018587112427,-0.05458100885152817,0.6553168296813965,0.5803190469741821,-0.06099676340818405,0.6811500191688538,0.5131611824035645,-0.014088085852563381,0.6586242914199829,0.43576982617378235,-0.03251602500677109,0.6763741970062256,0.5391293168067932,-0.026580695062875748,0.6764339208602905,0.5377346873283386,-0.02122942917048931,0.7159155011177063,0.49963274598121643,-0.01737493835389614,0.7024694681167603,0.40405482053756714,-0.031182294711470604,0.7064874172210693,0.4912242889404297,-0.010301847942173481,0.7127808332443237,0.5487576127052307,0.005018248688429594,0.7543724775314331,0.497480571269989,-0.024539852514863014,0.7573202252388,0.39239710569381714,-0.0382281132042408,0.7601844072341919,0.3264026641845703,-0.03961847722530365,0.7600595355033875,0.2580612003803253,-0.03981965407729149,0.0,0.0,0.0,0.0,0.0,0.0,0.0,0.0,0.0,0.0,0.0,0.0,0.0,0.0,0.0,0.0,0.0,0.0,0.0,0.0,0.0,0.0,0.0,0.0,0.0,0.0,0.0,0.0,0.0,0.0,0.0,0.0,0.0,0.0,0.0,0.0,0.0,0.0,0.0,0.0,0.0,0.0,0.0,0.0,0.0,0.0,0.0,0.0,0.0,0.0,0.0,0.0,0.0,0.0,0.0,0.0,0.0,0.0,0.0,0.0,0.0,0.0,0.0,I
0.7517651319503784,0.7800058722496033,-3.2951848538687045e-07,0.6934702396392822,0.7481621503829956,-0.019653214141726494,0.6429039835929871,0.6511907577514648,-0.031602729111909866,0.6606318950653076,0.5505858063697815,-0.04378356412053108,0.7141188383102417,0.5169442296028137,-0.04931791499257088,0.6431465744972229,0.546453058719635,-0.010366877540946007,0.6191338300704956,0.4613606333732605,-0.03565055504441261,0.6413627862930298,0.5377533435821533,-0.04840901494026184,0.6567054986953735,0.5749496817588806,-0.05572035536170006,0.6805127263069153,0.5115543007850647,-0.010046067647635937,0.6589469313621521,0.43318045139312744,-0.031565599143505096,0.6773806810379028,0.5293282866477966,-0.030284222215414047,0.6840057373046875,0.5458370447158813,-0.026203610002994537,0.718094527721405,0.4977633059024811,-0.0151728056371212,0.704249382019043,0.40159156918525696,-0.03274083137512207,0.7081332206726074,0.48269131779670715,-0.019255802035331726,0.7133046984672546,0.5385084748268127,-0.006894642021507025,0.7564007639884949,0.49671483039855957,-0.023491844534873962,0.7631651759147644,0.39533597230911255,-0.038923028856515884,0.7682311534881592,0.33146342635154724,-0.042532555758953094,0.7696318626403809,0.26384079456329346,-0.04320802539587021,0.0,0.0,0.0,0.0,0.0,0.0,0.0,0.0,0.0,0.0,0.0,0.0,0.0,0.0,0.0,0.0,0.0,0.0,0.0,0.0,0.0,0.0,0.0,0.0,0.0,0.0,0.0,0.0,0.0,0.0,0.0,0.0,0.0,0.0,0.0,0.0,0.0,0.0,0.0,0.0,0.0,0.0,0.0,0.0,0.0,0.0,0.0,0.0,0.0,0.0,0.0,0.0,0.0,0.0,0.0,0.0,0.0,0.0,0.0,0.0,0.0,0.0,0.0,I
0.7523792386054993,0.7835871577262878,-3.4996631370631803e-07,0.6943143010139465,0.7446014285087585,-0.018851248547434807,0.6473491191864014,0.6435336470603943,-0.030202209949493408,0.667482852935791,0.5411018133163452,-0.04139432683587074,0.7213046550750732,0.5119248628616333,-0.045297861099243164,0.6451883912086487,0.5448527336120605,-0.010995972901582718,0.6228232383728027,0.45737358927726746,-0.035321544855833054,0.6439874768257141,0.5338634848594666,-0.04670754075050354,0.6578431129455566,0.575406014919281,-0.05357922613620758,0.6837849020957947,0.5104681253433228,-0.009643006138503551,0.6630392670631409,0.43192487955093384,-0.02764075994491577,0.680554211139679,0.5303606390953064,-0.023723751306533813,0.68205326795578,0.537492573261261,-0.019499896094202995,0.7216339111328125,0.4979923665523529,-0.013760301284492016,0.7097527980804443,0.4030199348926544,-0.028511162847280502,0.7121006846427917,0.4824717044830322,-0.013803684152662754,0.7153716087341309,0.5378265976905823,-0.0023619479034096003,0.7608792185783386,0.49832460284233093,-0.02111480012536049,0.7738192677497864,0.39704641699790955,-0.03796772658824921,0.7843952775001526,0.33249610662460327,-0.044181257486343384,0.790213942527771,0.2657104730606079,-0.0471607930958271,0.0,0.0,0.0,0.0,0.0,0.0,0.0,0.0,0.0,0.0,0.0,0.0,0.0,0.0,0.0,0.0,0.0,0.0,0.0,0.0,0.0,0.0,0.0,0.0,0.0,0.0,0.0,0.0,0.0,0.0,0.0,0.0,0.0,0.0,0.0,0.0,0.0,0.0,0.0,0.0,0.0,0.0,0.0,0.0,0.0,0.0,0.0,0.0,0.0,0.0,0.0,0.0,0.0,0.0,0.0,0.0,0.0,0.0,0.0,0.0,0.0,0.0,0.0,I
0.7526670694351196,0.787422239780426,-3.3865356385831547e-07,0.6947879195213318,0.7435486912727356,-0.019938746467232704,0.6520317196846008,0.6442046761512756,-0.033640649169683456,0.67198246717453,0.540468156337738,-0.046517129987478256,0.7255200743675232,0.5102648138999939,-0.05129285901784897,0.6487084031105042,0.5495525598526001,-0.01855931617319584,0.6267086267471313,0.46068882942199707,-0.043478284031152725,0.6451956629753113,0.5289799571037292,-0.051456306129693985,0.6587585806846619,0.5754677057266235,-0.05570129305124283,0.6878759860992432,0.5131703019142151,-0.015322576276957989,0.66660475730896,0.4336634576320648,-0.02921263314783573,0.6831487417221069,0.5345942974090576,-0.017802882939577103,0.6788110136985779,0.5232089161872864,-0.00997837446630001,0.7245825529098511,0.5008517503738403,-0.017514830455183983,0.7143232822418213,0.40322309732437134,-0.028775138780474663,0.7162827253341675,0.4861679971218109,-0.004287836607545614,0.7198585271835327,0.5444107055664062,0.0121872927993536,0.7648704648017883,0.5028148293495178,-0.02357734553515911,0.7809192538261414,0.40137672424316406,-0.04301443696022034,0.7943404316902161,0.33414745330810547,-0.04864315688610077,0.8027738928794861,0.2669830024242401,-0.05094711109995842,0.0,0.0,0.0,0.0,0.0,0.0,0.0,0.0,0.0,0.0,0.0,0.0,0.0,0.0,0.0,0.0,0.0,0.0,0.0,0.0,0.0,0.0,0.0,0.0,0.0,0.0,0.0,0.0,0.0,0.0,0.0,0.0,0.0,0.0,0.0,0.0,0.0,0.0,0.0,0.0,0.0,0.0,0.0,0.0,0.0,0.0,0.0,0.0,0.0,0.0,0.0,0.0,0.0,0.0,0.0,0.0,0.0,0.0,0.0,0.0,0.0,0.0,0.0,I
0.753182053565979,0.7899335622787476,-3.244198580887314e-07,0.6942467093467712,0.746833086013794,-0.02290228195488453,0.6521366834640503,0.6455973982810974,-0.037010516971349716,0.6726204752922058,0.5414849519729614,-0.04939081892371178,0.7256087064743042,0.5158300399780273,-0.052841220051050186,0.6508771181106567,0.5450678467750549,-0.02034151181578636,0.6302129030227661,0.46341419219970703,-0.045061949640512466,0.6477192044258118,0.5324475169181824,-0.05193948373198509,0.660845935344696,0.5759801268577576,-0.05570542812347412,0.6901629567146301,0.5086221098899841,-0.01586313173174858,0.6700623631477356,0.4322109520435333,-0.031072836369276047,0.6846522092819214,0.5375360250473022,-0.018681354820728302,0.6799986362457275,0.521745502948761,-0.009693183936178684,0.7263196706771851,0.4985189735889435,-0.01715587079524994,0.7177877426147461,0.4036698639392853,-0.02931986190378666,0.7174944877624512,0.4903719127178192,-0.002516660140827298,0.7205258011817932,0.5481724143028259,0.015844469889998436,0.766441822052002,0.5028546452522278,-0.02282756194472313,0.7824720740318298,0.40230298042297363,-0.04388991370797157,0.796319305896759,0.33629852533340454,-0.04928072914481163,0.8063835501670837,0.26912355422973633,-0.05089133232831955,0.0,0.0,0.0,0.0,0.0,0.0,0.0,0.0,0.0,0.0,0.0,0.0,0.0,0.0,0.0,0.0,0.0,0.0,0.0,0.0,0.0,0.0,0.0,0.0,0.0,0.0,0.0,0.0,0.0,0.0,0.0,0.0,0.0,0.0,0.0,0.0,0.0,0.0,0.0,0.0,0.0,0.0,0.0,0.0,0.0,0.0,0.0,0.0,0.0,0.0,0.0,0.0,0.0,0.0,0.0,0.0,0.0,0.0,0.0,0.0,0.0,0.0,0.0,I
0.7539558410644531,0.7880427241325378,-3.000494928073749e-07,0.6933168768882751,0.7420529723167419,-0.018776461482048035,0.6513471603393555,0.6432642340660095,-0.031605515629053116,0.6717020273208618,0.5399678349494934,-0.04390448331832886,0.7220807075500488,0.5157459378242493,-0.04864763468503952,0.6548296213150024,0.5455764532089233,-0.014361177571117878,0.633535623550415,0.46072956919670105,-0.036709412932395935,0.6500813364982605,0.526452898979187,-0.04478618502616882,0.6630727052688599,0.5726617574691772,-0.04944267496466637,0.6938371062278748,0.5107558369636536,-0.011887917295098305,0.6735538840293884,0.4346795678138733,-0.025670019909739494,0.6865421533584595,0.5359077453613281,-0.01717269793152809,0.6836104989051819,0.5289746522903442,-0.011271996423602104,0.7297708988189697,0.4991165101528168,-0.014464610256254673,0.722179651260376,0.4024457633495331,-0.026133138686418533,0.7198623418807983,0.4885340631008148,-0.003550322027876973,0.7208904027938843,0.5496997833251953,0.01202732790261507,0.7687461972236633,0.5019509792327881,-0.020770922303199768,0.7826048731803894,0.4017050862312317,-0.03853026032447815,0.7959644794464111,0.33669206500053406,-0.04240134358406067,0.8052243590354919,0.2693142294883728,-0.04348474740982056,0.0,0.0,0.0,0.0,0.0,0.0,0.0,0.0,0.0,0.0,0.0,0.0,0.0,0.0,0.0,0.0,0.0,0.0,0.0,0.0,0.0,0.0,0.0,0.0,0.0,0.0,0.0,0.0,0.0,0.0,0.0,0.0,0.0,0.0,0.0,0.0,0.0,0.0,0.0,0.0,0.0,0.0,0.0,0.0,0.0,0.0,0.0,0.0,0.0,0.0,0.0,0.0,0.0,0.0,0.0,0.0,0.0,0.0,0.0,0.0,0.0,0.0,0.0,I
0.7547237873077393,0.7778907418251038,-3.022871339908306e-07,0.693476676940918,0.7348313927650452,-0.016532447189092636,0.6478297710418701,0.6352619528770447,-0.027984173968434334,0.6657817363739014,0.5359763503074646,-0.040596917271614075,0.715733528137207,0.5232375264167786,-0.04798230528831482,0.6587833762168884,0.5322954654693604,-0.004760518670082092,0.6384979486465454,0.44774186611175537,-0.02893967553973198,0.6527712941169739,0.5208207368850708,-0.04347067326307297,0.6661210656166077,0.565914511680603,-0.05182359367609024,0.6956337094306946,0.5019290447235107,-0.005919427610933781,0.6780232787132263,0.42794114351272583,-0.029912542551755905,0.6879717111587524,0.5256879925727844,-0.034553978592157364,0.6945816874504089,0.5525655746459961,-0.03419801592826843,0.7320390343666077,0.489732950925827,-0.011989764869213104,0.7253258228302002,0.3974672555923462,-0.032021041959524155,0.7179893255233765,0.4840438663959503,-0.024414077401161194,0.7155840992927551,0.5488897562026978,-0.015372672118246555,0.7691540718078613,0.4912838637828827,-0.02072952128946781,0.7780396938323975,0.3920401632785797,-0.03568045422434807,0.7849490642547607,0.3274278938770294,-0.040612637996673584,0.7905028462409973,0.260416716337204,-0.04240385442972183,0.0,0.0,0.0,0.0,0.0,0.0,0.0,0.0,0.0,0.0,0.0,0.0,0.0,0.0,0.0,0.0,0.0,0.0,0.0,0.0,0.0,0.0,0.0,0.0,0.0,0.0,0.0,0.0,0.0,0.0,0.0,0.0,0.0,0.0,0.0,0.0,0.0,0.0,0.0,0.0,0.0,0.0,0.0,0.0,0.0,0.0,0.0,0.0,0.0,0.0,0.0,0.0,0.0,0.0,0.0,0.0,0.0,0.0,0.0,0.0,0.0,0.0,0.0,I
0.7537387609481812,0.7650907635688782,-3.1084749707588344e-07,0.693889856338501,0.7215952277183533,-0.013548516668379307,0.6497863531112671,0.6215304136276245,-0.02443946897983551,0.6662482619285583,0.5229818224906921,-0.03753530606627464,0.7161973714828491,0.5137621164321899,-0.04674043506383896,0.6664041876792908,0.5231449604034424,-0.002460690913721919,0.6498955488204956,0.4354257583618164,-0.02609262801706791,0.6599251627922058,0.5084884762763977,-0.04078007861971855,0.6719954609870911,0.5571997761726379,-0.04879797250032425,0.7015684843063354,0.5015737414360046,-0.005888358689844608,0.6872380375862122,0.41688773036003113,-0.0357549786567688,0.6939842700958252,0.507400631904602,-0.04569217935204506,0.7046135663986206,0.5583891272544861,-0.04598117247223854,0.7376171350479126,0.49182453751564026,-0.013305152766406536,0.7310634851455688,0.3934444487094879,-0.037414297461509705,0.722537100315094,0.4757397770881653,-0.03552932292222977,0.7202672958374023,0.5466046929359436,-0.027604982256889343,0.7720427513122559,0.4950335919857025,-0.022749658674001694,0.7791634202003479,0.3952134847640991,-0.03804079443216324,0.7844578623771667,0.3268534541130066,-0.044427912682294846,0.7902532815933228,0.2600476145744324,-0.04648661985993385,0.0,0.0,0.0,0.0,0.0,0.0,0.0,0.0,0.0,0.0,0.0,0.0,0.0,0.0,0.0,0.0,0.0,0.0,0.0,0.0,0.0,0.0,0.0,0.0,0.0,0.0,0.0,0.0,0.0,0.0,0.0,0.0,0.0,0.0,0.0,0.0,0.0,0.0,0.0,0.0,0.0,0.0,0.0,0.0,0.0,0.0,0.0,0.0,0.0,0.0,0.0,0.0,0.0,0.0,0.0,0.0,0.0,0.0,0.0,0.0,0.0,0.0,0.0,I
0.7545648217201233,0.762631356716156,-3.300747550838423e-07,0.6943364143371582,0.7124295234680176,-0.011445566080510616,0.6528908014297485,0.6072770953178406,-0.020986313000321388,0.6684515476226807,0.5109838247299194,-0.03368425741791725,0.7152928113937378,0.501842737197876,-0.04257728531956673,0.6726294159889221,0.512139618396759,0.0029933000914752483,0.6596266031265259,0.4245449900627136,-0.02002565935254097,0.6689152121543884,0.4983539283275604,-0.03444192558526993,0.679273247718811,0.5497432351112366,-0.041682224720716476,0.7077568769454956,0.49430960416793823,-0.0018889650236815214,0.6960849761962891,0.40587276220321655,-0.03330297768115997,0.7020356059074402,0.49740421772003174,-0.045185018330812454,0.7113046050071716,0.5582095384597778,-0.045199330896139145,0.7438303232192993,0.48616674542427063,-0.010729050263762474,0.7374860048294067,0.38613393902778625,-0.03600253537297249,0.7282886505126953,0.4673174321651459,-0.03630659729242325,0.7249115705490112,0.5419067740440369,-0.028353223577141762,0.7781790494918823,0.4899263083934784,-0.02131323330104351,0.7841584086418152,0.38827240467071533,-0.03538163751363754,0.7891604900360107,0.31984302401542664,-0.04144494608044624,0.794440507888794,0.2557480037212372,-0.0428578145802021,0.0,0.0,0.0,0.0,0.0,0.0,0.0,0.0,0.0,0.0,0.0,0.0,0.0,0.0,0.0,0.0,0.0,0.0,0.0,0.0,0.0,0.0,0.0,0.0,0.0,0.0,0.0,0.0,0.0,0.0,0.0,0.0,0.0,0.0,0.0,0.0,0.0,0.0,0.0,0.0,0.0,0.0,0.0,0.0,0.0,0.0,0.0,0.0,0.0,0.0,0.0,0.0,0.0,0.0,0.0,0.0,0.0,0.0,0.0,0.0,0.0,0.0,0.0,I
0.7572551965713501,0.7576399445533752,-3.610821863730962e-07,0.698064923286438,0.7082425951957703,-0.011239934712648392,0.6554926633834839,0.6008839011192322,-0.019607700407505035,0.6690192222595215,0.5020536780357361,-0.030948961153626442,0.7167810797691345,0.49546894431114197,-0.03850172087550163,0.6799943447113037,0.5091465711593628,0.002676629461348057,0.6681994795799255,0.4180315136909485,-0.018956825137138367,0.6759085655212402,0.4958619773387909,-0.03131517022848129,0.685670793056488,0.5447410345077515,-0.03753483295440674,0.714089035987854,0.49091485142707825,-0.0018997016595676541,0.703875720500946,0.39990824460983276,-0.03308676555752754,0.7076083421707153,0.4945983588695526,-0.04367194324731827,0.7156870365142822,0.5556337833404541,-0.042579103261232376,0.7486900687217712,0.4826633930206299,-0.0103040412068367,0.7429027557373047,0.38108277320861816,-0.03499401733279228,0.7304873466491699,0.4631944000720978,-0.034814655780792236,0.7239331007003784,0.5371856689453125,-0.02672760561108589,0.7816850543022156,0.4865764379501343,-0.020374421030282974,0.7865284085273743,0.38694167137145996,-0.03398217260837555,0.7915623784065247,0.32066506147384644,-0.03993888199329376,0.7967806458473206,0.2571449875831604,-0.041523516178131104,0.0,0.0,0.0,0.0,0.0,0.0,0.0,0.0,0.0,0.0,0.0,0.0,0.0,0.0,0.0,0.0,0.0,0.0,0.0,0.0,0.0,0.0,0.0,0.0,0.0,0.0,0.0,0.0,0.0,0.0,0.0,0.0,0.0,0.0,0.0,0.0,0.0,0.0,0.0,0.0,0.0,0.0,0.0,0.0,0.0,0.0,0.0,0.0,0.0,0.0,0.0,0.0,0.0,0.0,0.0,0.0,0.0,0.0,0.0,0.0,0.0,0.0,0.0,I
0.7564505934715271,0.7543228268623352,-3.360787559358869e-07,0.6984264254570007,0.7023881673812866,-0.010979621671140194,0.6578550934791565,0.595272421836853,-0.019369225949048996,0.6697443723678589,0.5003747940063477,-0.030854133889079094,0.7164004445075989,0.4956979751586914,-0.038732465356588364,0.6859193444252014,0.5014612078666687,0.004360949154943228,0.6733219027519226,0.41440004110336304,-0.016459431499242783,0.6794511675834656,0.4884102940559387,-0.028783349320292473,0.689605712890625,0.5392587184906006,-0.03487749770283699,0.7187684178352356,0.484548956155777,-0.00023889713338576257,0.7083231210708618,0.3966740071773529,-0.03098435141146183,0.7104586362838745,0.4869966208934784,-0.04241213947534561,0.7189058661460876,0.5510914325714111,-0.041853006929159164,0.7526053786277771,0.4780607223510742,-0.00862895231693983,0.74648118019104,0.37758952379226685,-0.03329192101955414,0.7312488555908203,0.4566660225391388,-0.03443622589111328,0.7234165668487549,0.5319262742996216,-0.02712872624397278,0.7846927642822266,0.4841720759868622,-0.0186340119689703,0.790857195854187,0.38571763038635254,-0.0321948379278183,0.7960034012794495,0.3187163472175598,-0.03873820975422859,0.8013955354690552,0.2553114891052246,-0.04075146093964577,0.0,0.0,0.0,0.0,0.0,0.0,0.0,0.0,0.0,0.0,0.0,0.0,0.0,0.0,0.0,0.0,0.0,0.0,0.0,0.0,0.0,0.0,0.0,0.0,0.0,0.0,0.0,0.0,0.0,0.0,0.0,0.0,0.0,0.0,0.0,0.0,0.0,0.0,0.0,0.0,0.0,0.0,0.0,0.0,0.0,0.0,0.0,0.0,0.0,0.0,0.0,0.0,0.0,0.0,0.0,0.0,0.0,0.0,0.0,0.0,0.0,0.0,0.0,I
0.7545228600502014,0.753944993019104,-3.560122934231913e-07,0.6985795497894287,0.6983609199523926,-0.010708044283092022,0.6590867638587952,0.593181848526001,-0.019346220418810844,0.6695733070373535,0.5015951991081238,-0.031566374003887177,0.7136445045471191,0.4935010075569153,-0.040258172899484634,0.6875277757644653,0.493039608001709,0.006269840989261866,0.678426206111908,0.41239216923713684,-0.015203451737761497,0.6823230385780334,0.4885941445827484,-0.027817241847515106,0.6915961503982544,0.5411178469657898,-0.033769652247428894,0.7208415269851685,0.4787529408931732,0.0008619815926067531,0.7131022810935974,0.3926800787448883,-0.03229334205389023,0.7122485041618347,0.4866357445716858,-0.04520200937986374,0.720683753490448,0.557013988494873,-0.04456412047147751,0.7549406290054321,0.474252313375473,-0.00837891548871994,0.7511196136474609,0.37448281049728394,-0.035171471536159515,0.7320300340652466,0.45401129126548767,-0.03750806301832199,0.7222625613212585,0.5314298272132874,-0.029862849041819572,0.7868456244468689,0.4823799133300781,-0.019086303189396858,0.7931072115898132,0.38209912180900574,-0.03288811445236206,0.7968141436576843,0.31567850708961487,-0.03893319517374039,0.8019170761108398,0.25424128770828247,-0.04009811580181122,0.0,0.0,0.0,0.0,0.0,0.0,0.0,0.0,0.0,0.0,0.0,0.0,0.0,0.0,0.0,0.0,0.0,0.0,0.0,0.0,0.0,0.0,0.0,0.0,0.0,0.0,0.0,0.0,0.0,0.0,0.0,0.0,0.0,0.0,0.0,0.0,0.0,0.0,0.0,0.0,0.0,0.0,0.0,0.0,0.0,0.0,0.0,0.0,0.0,0.0,0.0,0.0,0.0,0.0,0.0,0.0,0.0,0.0,0.0,0.0,0.0,0.0,0.0,I
0.7539792656898499,0.7535305619239807,-3.8115103961899877e-07,0.6986290812492371,0.6959902048110962,-0.010345439426600933,0.661348819732666,0.5877367854118347,-0.01818523369729519,0.6703492403030396,0.49862435460090637,-0.030058011412620544,0.712419331073761,0.4928464889526367,-0.03838392347097397,0.6929303407669067,0.48765668272972107,0.00840350054204464,0.6826670169830322,0.40787896513938904,-0.01351300347596407,0.6842848658561707,0.48685377836227417,-0.025940509513020515,0.6936163902282715,0.5406045317649841,-0.031198695302009583,0.7236089706420898,0.4766896665096283,0.00272657023742795,0.715402364730835,0.39115726947784424,-0.031223071739077568,0.7128307819366455,0.4884263873100281,-0.04381166398525238,0.7217163443565369,0.558629035949707,-0.04220117628574371,0.7561952471733093,0.4749077558517456,-0.007029046770185232,0.7506825923919678,0.37826162576675415,-0.0348198227584362,0.7307771444320679,0.46252432465553284,-0.03641984239220619,0.7227085828781128,0.5400305986404419,-0.027332566678524017,0.7871081233024597,0.4842378497123718,-0.018307644873857498,0.7935674786567688,0.3829452395439148,-0.03196076676249504,0.7973805665969849,0.31714797019958496,-0.03717479109764099,0.8040754199028015,0.2564217150211334,-0.037258878350257874,0.0,0.0,0.0,0.0,0.0,0.0,0.0,0.0,0.0,0.0,0.0,0.0,0.0,0.0,0.0,0.0,0.0,0.0,0.0,0.0,0.0,0.0,0.0,0.0,0.0,0.0,0.0,0.0,0.0,0.0,0.0,0.0,0.0,0.0,0.0,0.0,0.0,0.0,0.0,0.0,0.0,0.0,0.0,0.0,0.0,0.0,0.0,0.0,0.0,0.0,0.0,0.0,0.0,0.0,0.0,0.0,0.0,0.0,0.0,0.0,0.0,0.0,0.0,I
0.7534826993942261,0.7491102814674377,-3.8221136833271885e-07,0.6978601813316345,0.6914922595024109,-0.009767508134245872,0.6625102758407593,0.5854706764221191,-0.017600717023015022,0.6723547577857971,0.4970817267894745,-0.029668325558304787,0.7118589878082275,0.49163222312927246,-0.038629624992609024,0.6949180364608765,0.48843565583229065,0.008517909795045853,0.6878181099891663,0.40777236223220825,-0.013707166537642479,0.6866322755813599,0.4841712415218353,-0.026629384607076645,0.6937128305435181,0.5389520525932312,-0.032194703817367554,0.7257826328277588,0.47851234674453735,0.0025324239395558834,0.7186765670776367,0.3928869962692261,-0.03164006397128105,0.7142124176025391,0.48779234290122986,-0.04526737704873085,0.7218776345252991,0.558038055896759,-0.04463926702737808,0.7580976486206055,0.47624334692955017,-0.007374686188995838,0.7537963390350342,0.3767530620098114,-0.03543673828244209,0.7332472801208496,0.4582819938659668,-0.03781137242913246,0.7246216535568237,0.5357628464698792,-0.029473813250660896,0.7883515357971191,0.48511484265327454,-0.018662959337234497,0.79489666223526,0.3844199776649475,-0.03252401202917099,0.7985779643058777,0.31939497590065,-0.037972357124090195,0.8049799203872681,0.2593826651573181,-0.038398344069719315,0.0,0.0,0.0,0.0,0.0,0.0,0.0,0.0,0.0,0.0,0.0,0.0,0.0,0.0,0.0,0.0,0.0,0.0,0.0,0.0,0.0,0.0,0.0,0.0,0.0,0.0,0.0,0.0,0.0,0.0,0.0,0.0,0.0,0.0,0.0,0.0,0.0,0.0,0.0,0.0,0.0,0.0,0.0,0.0,0.0,0.0,0.0,0.0,0.0,0.0,0.0,0.0,0.0,0.0,0.0,0.0,0.0,0.0,0.0,0.0,0.0,0.0,0.0,I
0.7515481114387512,0.7437711358070374,-3.839084570245177e-07,0.697179913520813,0.6814314723014832,-0.007354521658271551,0.6658360362052917,0.5762049555778503,-0.015069980174303055,0.6750921607017517,0.49230772256851196,-0.02739497646689415,0.7117236256599426,0.4907056987285614,-0.03703039512038231,0.7020905017852783,0.4788244068622589,0.009012416005134583,0.6941225528717041,0.40238115191459656,-0.013701195828616619,0.6902088522911072,0.476534366607666,-0.027147531509399414,0.6963155269622803,0.5321987271308899,-0.032631728798151016,0.7308311462402344,0.47252216935157776,0.0016681357519701123,0.7228457927703857,0.3876783847808838,-0.03224271908402443,0.7157195210456848,0.4787338376045227,-0.04578898102045059,0.7221460938453674,0.5488513708114624,-0.044953711330890656,0.761284351348877,0.4744722545146942,-0.009265178814530373,0.7569399476051331,0.37717360258102417,-0.03693198785185814,0.7353859543800354,0.4568856954574585,-0.03853139653801918,0.7263935804367065,0.5334712862968445,-0.029363086447119713,0.7899367213249207,0.4865124225616455,-0.021422121673822403,0.7945976257324219,0.38371023535728455,-0.03476671874523163,0.7983286380767822,0.31757205724716187,-0.039020318537950516,0.8057337403297424,0.2581513226032257,-0.038234516978263855,0.0,0.0,0.0,0.0,0.0,0.0,0.0,0.0,0.0,0.0,0.0,0.0,0.0,0.0,0.0,0.0,0.0,0.0,0.0,0.0,0.0,0.0,0.0,0.0,0.0,0.0,0.0,0.0,0.0,0.0,0.0,0.0,0.0,0.0,0.0,0.0,0.0,0.0,0.0,0.0,0.0,0.0,0.0,0.0,0.0,0.0,0.0,0.0,0.0,0.0,0.0,0.0,0.0,0.0,0.0,0.0,0.0,0.0,0.0,0.0,0.0,0.0,0.0,I
0.7485086917877197,0.7365002036094666,-4.007189033927716e-07,0.6969258189201355,0.6730403304100037,-0.008108291774988174,0.6684924364089966,0.5701139569282532,-0.016260486096143723,0.6754891872406006,0.4888417422771454,-0.029340265318751335,0.7090859413146973,0.48042619228363037,-0.03966938704252243,0.7066872119903564,0.4754634201526642,0.00931551307439804,0.6994843482971191,0.397561639547348,-0.01492089033126831,0.6932417154312134,0.4696568548679352,-0.028818022459745407,0.6969642043113708,0.5256888270378113,-0.034018002450466156,0.734639585018158,0.4704897999763489,0.0017749419203028083,0.728018045425415,0.38660523295402527,-0.03460608422756195,0.7181485295295715,0.479181170463562,-0.04938668757677078,0.721937894821167,0.5512012243270874,-0.04874429106712341,0.7641025185585022,0.4733009338378906,-0.009624326601624489,0.7611064910888672,0.37336796522140503,-0.040217574685811996,0.7357925176620483,0.4553442597389221,-0.042622990906238556,0.7235822677612305,0.5343865156173706,-0.03299729526042938,0.7911627888679504,0.4862003028392792,-0.02216428704559803,0.7965778112411499,0.3836042881011963,-0.03730190545320511,0.8002136945724487,0.31680670380592346,-0.04215293377637863,0.8073949813842773,0.2561300992965698,-0.04126395657658577,0.0,0.0,0.0,0.0,0.0,0.0,0.0,0.0,0.0,0.0,0.0,0.0,0.0,0.0,0.0,0.0,0.0,0.0,0.0,0.0,0.0,0.0,0.0,0.0,0.0,0.0,0.0,0.0,0.0,0.0,0.0,0.0,0.0,0.0,0.0,0.0,0.0,0.0,0.0,0.0,0.0,0.0,0.0,0.0,0.0,0.0,0.0,0.0,0.0,0.0,0.0,0.0,0.0,0.0,0.0,0.0,0.0,0.0,0.0,0.0,0.0,0.0,0.0,I
0.7487294673919678,0.7323355674743652,-4.2550877310532087e-07,0.6984884142875671,0.6648492813110352,-0.006048033479601145,0.6715907454490662,0.5660228729248047,-0.013670194894075394,0.6788414716720581,0.4894704818725586,-0.02692258171737194,0.7106727957725525,0.47260525822639465,-0.037370339035987854,0.7103054523468018,0.47334352135658264,0.01160512212663889,0.7016187310218811,0.39643433690071106,-0.012898702174425125,0.6960992813110352,0.46807894110679626,-0.027038492262363434,0.7002122402191162,0.5230858325958252,-0.0320049487054348,0.736965537071228,0.46646392345428467,0.0031745973974466324,0.7284889817237854,0.386039137840271,-0.03289365768432617,0.7197922468185425,0.48056742548942566,-0.047430846840143204,0.7246600985527039,0.5512961149215698,-0.04641933739185333,0.7655510902404785,0.4676375985145569,-0.009043556638062,0.7610701322555542,0.36938586831092834,-0.03940032050013542,0.7373278141021729,0.4514118731021881,-0.04104902595281601,0.726700484752655,0.5288287401199341,-0.030561141669750214,0.7917270064353943,0.479261189699173,-0.022232400253415108,0.7983013391494751,0.375871479511261,-0.03716803714632988,0.8033018112182617,0.3110484182834625,-0.04093974083662033,0.8117397427558899,0.2533329725265503,-0.03875146433711052,0.0,0.0,0.0,0.0,0.0,0.0,0.0,0.0,0.0,0.0,0.0,0.0,0.0,0.0,0.0,0.0,0.0,0.0,0.0,0.0,0.0,0.0,0.0,0.0,0.0,0.0,0.0,0.0,0.0,0.0,0.0,0.0,0.0,0.0,0.0,0.0,0.0,0.0,0.0,0.0,0.0,0.0,0.0,0.0,0.0,0.0,0.0,0.0,0.0,0.0,0.0,0.0,0.0,0.0,0.0,0.0,0.0,0.0,0.0,0.0,0.0,0.0,0.0,I
0.7482886910438538,0.7310141921043396,-4.208003758776613e-07,0.6993167996406555,0.6648152470588684,-0.007882890291512012,0.6711377501487732,0.5638203024864197,-0.016030825674533844,0.6796698570251465,0.48463350534439087,-0.02917150780558586,0.7123330235481262,0.47203528881073,-0.039340853691101074,0.7074475288391113,0.4684220254421234,0.008953720331192017,0.7001006603240967,0.39384302496910095,-0.014576200395822525,0.6955910921096802,0.46713560819625854,-0.028162924572825432,0.6999204754829407,0.5213571786880493,-0.033181481063365936,0.7356685400009155,0.46231961250305176,0.0015508633805438876,0.7283885478973389,0.3843190371990204,-0.033691905438899994,0.721240758895874,0.47842684388160706,-0.047406841069459915,0.7269865274429321,0.548831582069397,-0.04609810560941696,0.7655169367790222,0.46472880244255066,-0.009607028216123581,0.7634848356246948,0.3681282699108124,-0.03905709460377693,0.740632951259613,0.4474375247955322,-0.04034794867038727,0.7299615740776062,0.5239852070808411,-0.02996044233441353,0.7932033538818359,0.47676676511764526,-0.02191147580742836,0.7997345328330994,0.3732587993144989,-0.036228932440280914,0.8053113222122192,0.3084443509578705,-0.039757441729307175,0.8142619729042053,0.25199785828590393,-0.03759867697954178,0.0,0.0,0.0,0.0,0.0,0.0,0.0,0.0,0.0,0.0,0.0,0.0,0.0,0.0,0.0,0.0,0.0,0.0,0.0,0.0,0.0,0.0,0.0,0.0,0.0,0.0,0.0,0.0,0.0,0.0,0.0,0.0,0.0,0.0,0.0,0.0,0.0,0.0,0.0,0.0,0.0,0.0,0.0,0.0,0.0,0.0,0.0,0.0,0.0,0.0,0.0,0.0,0.0,0.0,0.0,0.0,0.0,0.0,0.0,0.0,0.0,0.0,0.0,I
0.7481139898300171,0.7330049872398376,-3.9878204916021787e-07,0.6957523226737976,0.6665111780166626,-0.008221147581934929,0.6665432453155518,0.5611365437507629,-0.015427391044795513,0.6799114346504211,0.4784858226776123,-0.027542931959033012,0.7157843112945557,0.47696468234062195,-0.036786243319511414,0.7037155628204346,0.4697248339653015,0.012383267283439636,0.6978693008422852,0.3959583640098572,-0.009702888317406178,0.6943497061729431,0.46914827823638916,-0.02361205965280533,0.6991263031959534,0.5222641825675964,-0.029693281278014183,0.7333610653877258,0.46075698733329773,0.005423199385404587,0.7278291583061218,0.38154998421669006,-0.028338512405753136,0.7208670973777771,0.4767223000526428,-0.04224632680416107,0.7270764112472534,0.5473154783248901,-0.04166760295629501,0.7642050385475159,0.46093904972076416,-0.005590315908193588,0.7636788487434387,0.36522650718688965,-0.03366822004318237,0.7405005693435669,0.4448549747467041,-0.035420361906290054,0.7299240827560425,0.5215703845024109,-0.026077957823872566,0.7930572032928467,0.4727739095687866,-0.018001502379775047,0.8034093379974365,0.3717048466205597,-0.03166951239109039,0.8102569580078125,0.30803969502449036,-0.03582439571619034,0.8198214769363403,0.25212806463241577,-0.034798357635736465,0.0,0.0,0.0,0.0,0.0,0.0,0.0,0.0,0.0,0.0,0.0,0.0,0.0,0.0,0.0,0.0,0.0,0.0,0.0,0.0,0.0,0.0,0.0,0.0,0.0,0.0,0.0,0.0,0.0,0.0,0.0,0.0,0.0,0.0,0.0,0.0,0.0,0.0,0.0,0.0,0.0,0.0,0.0,0.0,0.0,0.0,0.0,0.0,0.0,0.0,0.0,0.0,0.0,0.0,0.0,0.0,0.0,0.0,0.0,0.0,0.0,0.0,0.0,I
