0.8234739303588867,0.5476459264755249,-5.36988068233768e-07,0.8168665766716003,0.4318402409553528,0.02168954536318779,0.7767120003700256,0.3564488887786865,0.022795377299189568,0.7281789183616638,0.3293870687484741,0.022964758798480034,0.6945521831512451,0.34440192580223083,0.02384822815656662,0.7619642615318298,0.29183343052864075,-0.03425139561295509,0.6765358448028564,0.28042763471603394,-0.032885242253541946,0.6850537061691284,0.3170882761478424,-0.018109120428562164,0.7038823366165161,0.3326627314090729,-0.009176521562039852,0.7431879639625549,0.3537943363189697,-0.046722859144210815,0.6595357656478882,0.3347266614437103,-0.04702136293053627,0.673775315284729,0.3702612519264221,-0.03137959539890289,0.695347011089325,0.38131746649742126,-0.02413034252822399,0.7253480553627014,0.42087680101394653,-0.05366172641515732,0.645179271697998,0.37857484817504883,-0.05336938798427582,0.6616462469100952,0.40950262546539307,-0.04120715707540512,0.6860402822494507,0.42356881499290466,-0.03832228481769562,0.7131175398826599,0.4853011667728424,-0.057315047830343246,0.6513084769248962,0.47759494185447693,-0.06888990104198456,0.6167027950286865,0.49170348048210144,-0.07432329654693604,0.5867462754249573,0.49898719787597656,-0.07959368079900742,0.0,0.0,0.0,0.0,0.0,0.0,0.0,0.0,0.0,0.0,0.0,0.0,0.0,0.0,0.0,0.0,0.0,0.0,0.0,0.0,0.0,0.0,0.0,0.0,0.0,0.0,0.0,0.0,0.0,0.0,0.0,0.0,0.0,0.0,0.0,0.0,0.0,0.0,0.0,0.0,0.0,0.0,0.0,0.0,0.0,0.0,0.0,0.0,0.0,0.0,0.0,0.0,0.0,0.0,0.0,0.0,0.0,0.0,0.0,0.0,0.0,0.0,0.0,J
0.8242902159690857,0.5528214573860168,-5.421975401986856e-07,0.8172386288642883,0.43544304370880127,0.0228927880525589,0.7753816246986389,0.3603970408439636,0.023972246795892715,0.7243725061416626,0.33396148681640625,0.023991022258996964,0.6887508034706116,0.3487929105758667,0.02442045323550701,0.7627390623092651,0.29505324363708496,-0.03539098799228668,0.6773755550384521,0.2831054925918579,-0.03292931988835335,0.6846346259117126,0.3196394145488739,-0.016870703548192978,0.7020133137702942,0.33484917879104614,-0.007296297699213028,0.7439011335372925,0.3570774793624878,-0.04873451218008995,0.6606096029281616,0.33795201778411865,-0.04883899167180061,0.6737194657325745,0.3723525404930115,-0.03268507868051529,0.6952618956565857,0.3847111165523529,-0.02515076845884323,0.7257266640663147,0.42466601729393005,-0.056193724274635315,0.647588849067688,0.38306915760040283,-0.05528580769896507,0.6618965268135071,0.4114254415035248,-0.043000444769859314,0.6846489310264587,0.42490383982658386,-0.04039596766233444,0.712736964225769,0.4889758825302124,-0.06023780256509781,0.6513540744781494,0.4799351692199707,-0.07118405401706696,0.6168832182884216,0.49407124519348145,-0.07625705748796463,0.5874797701835632,0.5024334788322449,-0.08149480074644089,0.0,0.0,0.0,0.0,0.0,0.0,0.0,0.0,0.0,0.0,0.0,0.0,0.0,0.0,0.0,0.0,0.0,0.0,0.0,0.0,0.0,0.0,0.0,0.0,0.0,0.0,0.0,0.0,0.0,0.0,0.0,0.0,0.0,0.0,0.0,0.0,0.0,0.0,0.0,0.0,0.0,0.0,0.0,0.0,0.0,0.0,0.0,0.0,0.0,0.0,0.0,0.0,0.0,0.0,0.0,0.0,0.0,0.0,0.0,0.0,0.0,0.0,0.0,J
0.8230996131896973,0.5525002479553223,-5.140579446560878e-07,0.815662682056427,0.4347798526287079,0.01948901265859604,0.7734397053718567,0.3565891981124878,0.019815636798739433,0.7218080163002014,0.32663142681121826,0.019472580403089523,0.6861581802368164,0.33900001645088196,0.019578730687499046,0.7618533372879028,0.2955809235572815,-0.033949267119169235,0.6760321259498596,0.28336215019226074,-0.03294968605041504,0.6830029487609863,0.3189600110054016,-0.019322995096445084,0.7002524733543396,0.3337121307849884,-0.011187245137989521,0.742875337600708,0.3588689863681793,-0.04554504528641701,0.6596134305000305,0.34112638235092163,-0.0469801239669323,0.6728190183639526,0.3750675618648529,-0.033257320523262024,0.6943397521972656,0.3869793117046356,-0.026900753378868103,0.7251351475715637,0.4268549382686615,-0.05178104341030121,0.6470256447792053,0.38601693511009216,-0.05286252871155739,0.661328911781311,0.41387349367141724,-0.04275855794548988,0.68361496925354,0.4270218312740326,-0.040657781064510345,0.7130011320114136,0.49213090538978577,-0.054779477417469025,0.6521546244621277,0.4839800000190735,-0.06571272760629654,0.6177735328674316,0.4981207847595215,-0.0708431825041771,0.5879090428352356,0.5063750743865967,-0.07583464682102203,0.0,0.0,0.0,0.0,0.0,0.0,0.0,0.0,0.0,0.0,0.0,0.0,0.0,0.0,0.0,0.0,0.0,0.0,0.0,0.0,0.0,0.0,0.0,0.0,0.0,0.0,0.0,0.0,0.0,0.0,0.0,0.0,0.0,0.0,0.0,0.0,0.0,0.0,0.0,0.0,0.0,0.0,0.0,0.0,0.0,0.0,0.0,0.0,0.0,0.0,0.0,0.0,0.0,0.0,0.0,0.0,0.0,0.0,0.0,0.0,0.0,0.0,0.0,J
0.8225957751274109,0.554326057434082,-5.312781468091998e-07,0.8143007159233093,0.43486955761909485,0.024518849328160286,0.7730887532234192,0.3601394295692444,0.02602328546345234,0.7227939367294312,0.32817041873931885,0.026428282260894775,0.6871242523193359,0.3382761478424072,0.027286823838949203,0.7601934671401978,0.2992173433303833,-0.03646428883075714,0.6737506985664368,0.28624942898750305,-0.030414722859859467,0.6811187267303467,0.32101455330848694,-0.010422679595649242,0.6977288126945496,0.3355492949485779,0.0014810628490522504,0.7419584393501282,0.36105406284332275,-0.05004972219467163,0.6580113172531128,0.3436473608016968,-0.04651344567537308,0.6713544130325317,0.37650591135025024,-0.02743270806968212,0.6926557421684265,0.38749921321868896,-0.018577534705400467,0.724305272102356,0.42863112688064575,-0.05717926472425461,0.6461219787597656,0.3895781338214874,-0.052811238914728165,0.6613332033157349,0.4161718189716339,-0.03834817558526993,0.6840755939483643,0.42818352580070496,-0.03541893512010574,0.7122205495834351,0.4940417408943176,-0.06078916788101196,0.6514359712600708,0.48804956674575806,-0.06947633624076843,0.6177689433097839,0.5064538717269897,-0.0728846937417984,0.5885365605354309,0.518750786781311,-0.07750049978494644,0.0,0.0,0.0,0.0,0.0,0.0,0.0,0.0,0.0,0.0,0.0,0.0,0.0,0.0,0.0,0.0,0.0,0.0,0.0,0.0,0.0,0.0,0.0,0.0,0.0,0.0,0.0,0.0,0.0,0.0,0.0,0.0,0.0,0.0,0.0,0.0,0.0,0.0,0.0,0.0,0.0,0.0,0.0,0.0,0.0,0.0,0.0,0.0,0.0,0.0,0.0,0.0,0.0,0.0,0.0,0.0,0.0,0.0,0.0,0.0,0.0,0.0,0.0,J
0.8223794102668762,0.5524041056632996,-5.48642447029124e-07,0.8117196559906006,0.43105772137641907,0.028091968968510628,0.7710572481155396,0.35919854044914246,0.03050423227250576,0.7209521532058716,0.3307880163192749,0.03140117600560188,0.6857102513313293,0.34308186173439026,0.032595813274383545,0.7586510181427002,0.29974332451820374,-0.03590363264083862,0.6718169450759888,0.2869910001754761,-0.027807459235191345,0.6787311434745789,0.3217255175113678,-0.0052707502618432045,0.6957000494003296,0.3374096155166626,0.008226284757256508,0.7407171726226807,0.3627065420150757,-0.05068587139248848,0.6557632684707642,0.34608909487724304,-0.044964928179979324,0.6693645119667053,0.3797883689403534,-0.023278137668967247,0.6913186311721802,0.3909378945827484,-0.013002390041947365,0.7234001755714417,0.43066421151161194,-0.05853384733200073,0.6447221040725708,0.3930712044239044,-0.05139569565653801,0.6603097915649414,0.4200873076915741,-0.03488948196172714,0.6832801699638367,0.43203186988830566,-0.031512465327978134,0.711594820022583,0.4959227442741394,-0.0626465231180191,0.6508027911186218,0.49325016140937805,-0.0703706219792366,0.6174864172935486,0.5123354196548462,-0.07355863600969315,0.5882975459098816,0.5240128040313721,-0.0783781111240387,0.0,0.0,0.0,0.0,0.0,0.0,0.0,0.0,0.0,0.0,0.0,0.0,0.0,0.0,0.0,0.0,0.0,0.0,0.0,0.0,0.0,0.0,0.0,0.0,0.0,0.0,0.0,0.0,0.0,0.0,0.0,0.0,0.0,0.0,0.0,0.0,0.0,0.0,0.0,0.0,0.0,0.0,0.0,0.0,0.0,0.0,0.0,0.0,0.0,0.0,0.0,0.0,0.0,0.0,0.0,0.0,0.0,0.0,0.0,0.0,0.0,0.0,0.0,J
0.8235311508178711,0.5514813661575317,-4.988103796677024e-07,0.8129621148109436,0.43172577023506165,0.021229799836874008,0.7696197032928467,0.36023595929145813,0.02020869590342045,0.7184442281723022,0.3355146050453186,0.01807096228003502,0.6832177042961121,0.34905678033828735,0.016534477472305298,0.7573554515838623,0.3003777861595154,-0.03785224258899689,0.6693636775016785,0.28797647356987,-0.03474041447043419,0.677058756351471,0.3230655789375305,-0.01731046475470066,0.6953584551811218,0.3391231596469879,-0.006664619781076908,0.739215075969696,0.3635922372341156,-0.05090847238898277,0.6547082662582397,0.34938809275627136,-0.04982418194413185,0.6686913371086121,0.3812325894832611,-0.03295021876692772,0.6911265254020691,0.39138612151145935,-0.025216177105903625,0.7223144769668579,0.4322350025177002,-0.05806681886315346,0.643748939037323,0.39714759588241577,-0.055357675999403,0.6593772172927856,0.4228557050228119,-0.04265948757529259,0.6827612519264221,0.43424779176712036,-0.04046792909502983,0.7113924026489258,0.498211532831192,-0.06211233511567116,0.6509998440742493,0.49782347679138184,-0.07071586698293686,0.6174050569534302,0.5161849856376648,-0.07455745339393616,0.588459312915802,0.5286743640899658,-0.07950328290462494,0.0,0.0,0.0,0.0,0.0,0.0,0.0,0.0,0.0,0.0,0.0,0.0,0.0,0.0,0.0,0.0,0.0,0.0,0.0,0.0,0.0,0.0,0.0,0.0,0.0,0.0,0.0,0.0,0.0,0.0,0.0,0.0,0.0,0.0,0.0,0.0,0.0,0.0,0.0,0.0,0.0,0.0,0.0,0.0,0.0,0.0,0.0,0.0,0.0,0.0,0.0,0.0,0.0,0.0,0.0,0.0,0.0,0.0,0.0,0.0,0.0,0.0,0.0,J
0.8235922455787659,0.556239128112793,-5.229537691775477e-07,0.8132616877555847,0.43716496229171753,0.020722873508930206,0.7701860666275024,0.36455774307250977,0.020192962139844894,0.7196912169456482,0.33877915143966675,0.018439266830682755,0.6847213506698608,0.35283851623535156,0.01743774116039276,0.7575601935386658,0.3028576672077179,-0.0361427441239357,0.6687363982200623,0.2890978157520294,-0.035547640174627304,0.6765488386154175,0.3240305781364441,-0.02043391577899456,0.6957152485847473,0.34118735790252686,-0.010795993730425835,0.7394809126853943,0.36649852991104126,-0.04906268045306206,0.6536421775817871,0.3513708710670471,-0.050605930387973785,0.6676234602928162,0.3830917775630951,-0.035824473947286606,0.6901976466178894,0.3935180902481079,-0.028758421540260315,0.7228586673736572,0.43534451723098755,-0.05647585913538933,0.6425682902336121,0.3995645046234131,-0.056386835873126984,0.6578348875045776,0.42475447058677673,-0.04560275748372078,0.6814319491386414,0.4359365999698639,-0.04367993772029877,0.7120315432548523,0.5011184811592102,-0.06074113771319389,0.6509247422218323,0.5003519058227539,-0.0710303783416748,0.6163368225097656,0.5184262990951538,-0.07616342604160309,0.5870552659034729,0.5313330292701721,-0.08147252351045609,0.0,0.0,0.0,0.0,0.0,0.0,0.0,0.0,0.0,0.0,0.0,0.0,0.0,0.0,0.0,0.0,0.0,0.0,0.0,0.0,0.0,0.0,0.0,0.0,0.0,0.0,0.0,0.0,0.0,0.0,0.0,0.0,0.0,0.0,0.0,0.0,0.0,0.0,0.0,0.0,0.0,0.0,0.0,0.0,0.0,0.0,0.0,0.0,0.0,0.0,0.0,0.0,0.0,0.0,0.0,0.0,0.0,0.0,0.0,0.0,0.0,0.0,0.0,J
0.8222382664680481,0.5542780160903931,-5.201538897381397e-07,0.8110221028327942,0.4335847496986389,0.02198951132595539,0.7679004669189453,0.36257487535476685,0.021430857479572296,0.7168259620666504,0.33804428577423096,0.019499892368912697,0.6817321181297302,0.35228943824768066,0.01809682697057724,0.7561453580856323,0.3014479875564575,-0.0365779772400856,0.6674032211303711,0.28919315338134766,-0.03462402895092964,0.6761428713798523,0.3242327868938446,-0.01838720589876175,0.6955836415290833,0.34106341004371643,-0.008192630484700203,0.7383530735969543,0.36583587527275085,-0.0498841255903244,0.6528295278549194,0.35143545269966125,-0.04951561987400055,0.6674160957336426,0.38373491168022156,-0.03331144526600838,0.6901333928108215,0.39403781294822693,-0.02581266313791275,0.7220589518547058,0.4354955852031708,-0.05734463408589363,0.6420437693595886,0.40031513571739197,-0.05489496514201164,0.6578166484832764,0.4267868995666504,-0.042349923402071,0.6814952492713928,0.43845847249031067,-0.0400809645652771,0.7113155126571655,0.5021440982818604,-0.06163172796368599,0.6498275995254517,0.5017011165618896,-0.07035396993160248,0.6158862709999084,0.5194405913352966,-0.07423322647809982,0.5871196389198303,0.5316422581672668,-0.07900939881801605,0.0,0.0,0.0,0.0,0.0,0.0,0.0,0.0,0.0,0.0,0.0,0.0,0.0,0.0,0.0,0.0,0.0,0.0,0.0,0.0,0.0,0.0,0.0,0.0,0.0,0.0,0.0,0.0,0.0,0.0,0.0,0.0,0.0,0.0,0.0,0.0,0.0,0.0,0.0,0.0,0.0,0.0,0.0,0.0,0.0,0.0,0.0,0.0,0.0,0.0,0.0,0.0,0.0,0.0,0.0,0.0,0.0,0.0,0.0,0.0,0.0,0.0,0.0,J
0.8238790035247803,0.5498902201652527,-4.830899911212327e-07,0.8120843172073364,0.4333791136741638,0.01612234301865101,0.7674407958984375,0.36097872257232666,0.013052070513367653,0.7142728567123413,0.33951371908187866,0.009317627176642418,0.6781836152076721,0.35556554794311523,0.0063094752840697765,0.7569616436958313,0.3013967275619507,-0.038049787282943726,0.6693828701972961,0.2868652045726776,-0.03933730721473694,0.6763393878936768,0.3238678276538849,-0.026714958250522614,0.6949522495269775,0.34155744314193726,-0.01876654103398323,0.7390231490135193,0.36599859595298767,-0.04949508234858513,0.654244065284729,0.34924978017807007,-0.052590642124414444,0.6671978235244751,0.38156571984291077,-0.03964611887931824,0.6896148920059204,0.3927119970321655,-0.03352252393960953,0.7226352095603943,0.4356778860092163,-0.05595261976122856,0.6429511308670044,0.3981534242630005,-0.057595670223236084,0.6571551561355591,0.4235847294330597,-0.048154719173908234,0.6803105473518372,0.4354013502597809,-0.04650917276740074,0.7118013501167297,0.5019561052322388,-0.05961806699633598,0.6510989665985107,0.5019439458847046,-0.0700913816690445,0.6162803173065186,0.5182232856750488,-0.07516147196292877,0.5869042873382568,0.5298097133636475,-0.08027651906013489,0.0,0.0,0.0,0.0,0.0,0.0,0.0,0.0,0.0,0.0,0.0,0.0,0.0,0.0,0.0,0.0,0.0,0.0,0.0,0.0,0.0,0.0,0.0,0.0,0.0,0.0,0.0,0.0,0.0,0.0,0.0,0.0,0.0,0.0,0.0,0.0,0.0,0.0,0.0,0.0,0.0,0.0,0.0,0.0,0.0,0.0,0.0,0.0,0.0,0.0,0.0,0.0,0.0,0.0,0.0,0.0,0.0,0.0,0.0,0.0,0.0,0.0,0.0,J
0.8250694870948792,0.5499585270881653,-5.3605288030667e-07,0.8154338002204895,0.4358300566673279,0.017581412568688393,0.7726993560791016,0.35848769545555115,0.017027944326400757,0.7242444753646851,0.33022913336753845,0.014489168301224709,0.6903142333030701,0.3419288396835327,0.012375600636005402,0.7625497579574585,0.2956155240535736,-0.02657773345708847,0.6737725734710693,0.27939239144325256,-0.034454215317964554,0.6810517907142639,0.31942686438560486,-0.030978422611951828,0.7016292214393616,0.3374325633049011,-0.028061728924512863,0.7443161606788635,0.3582795560359955,-0.03872010484337807,0.6573434472084045,0.3380928933620453,-0.04654574766755104,0.6703975200653076,0.3739873468875885,-0.03947405144572258,0.6940450668334961,0.388424813747406,-0.035964466631412506,0.7270349264144897,0.42699766159057617,-0.04703069478273392,0.6452510952949524,0.38497763872146606,-0.052708886563777924,0.660611093044281,0.41267111897468567,-0.045758310705423355,0.6854736804962158,0.42538386583328247,-0.04355622082948685,0.7143771648406982,0.49184703826904297,-0.0525800995528698,0.6539349555969238,0.4850006699562073,-0.06354992836713791,0.6180612444877625,0.49306949973106384,-0.0689910426735878,0.5879445672035217,0.49565672874450684,-0.07351015508174896,0.0,0.0,0.0,0.0,0.0,0.0,0.0,0.0,0.0,0.0,0.0,0.0,0.0,0.0,0.0,0.0,0.0,0.0,0.0,0.0,0.0,0.0,0.0,0.0,0.0,0.0,0.0,0.0,0.0,0.0,0.0,0.0,0.0,0.0,0.0,0.0,0.0,0.0,0.0,0.0,0.0,0.0,0.0,0.0,0.0,0.0,0.0,0.0,0.0,0.0,0.0,0.0,0.0,0.0,0.0,0.0,0.0,0.0,0.0,0.0,0.0,0.0,0.0,J
0.8272488117218018,0.5531314611434937,-5.968514074083942e-07,0.8217115998268127,0.4378770589828491,0.01871117204427719,0.7827103734016418,0.3581765294075012,0.01996973529458046,0.7359407544136047,0.32869595289230347,0.01925506629049778,0.7023383378982544,0.3393477201461792,0.018826819956302643,0.7748244404792786,0.2885194718837738,-0.026263222098350525,0.6861883997917175,0.2662662863731384,-0.03158401697874069,0.6865655183792114,0.3075099587440491,-0.023951774463057518,0.7034895420074463,0.3297397792339325,-0.018294725567102432,0.7564537525177002,0.3465070128440857,-0.03829171881079674,0.6677343249320984,0.3225627839565277,-0.045523177832365036,0.6760407090187073,0.36341390013694763,-0.035712599754333496,0.6970215439796448,0.3808855414390564,-0.02999935671687126,0.7382699847221375,0.41159239411354065,-0.04628722742199898,0.6552993655204773,0.3650416135787964,-0.052162300795316696,0.6674624681472778,0.39847639203071594,-0.04338277876377106,0.6902981400489807,0.4158121645450592,-0.039586324244737625,0.7238046526908875,0.4746554493904114,-0.05134553089737892,0.6619652509689331,0.4570167064666748,-0.0647958517074585,0.6263983249664307,0.45717358589172363,-0.07109715789556503,0.5973919630050659,0.45261770486831665,-0.07560184597969055,0.0,0.0,0.0,0.0,0.0,0.0,0.0,0.0,0.0,0.0,0.0,0.0,0.0,0.0,0.0,0.0,0.0,0.0,0.0,0.0,0.0,0.0,0.0,0.0,0.0,0.0,0.0,0.0,0.0,0.0,0.0,0.0,0.0,0.0,0.0,0.0,0.0,0.0,0.0,0.0,0.0,0.0,0.0,0.0,0.0,0.0,0.0,0.0,0.0,0.0,0.0,0.0,0.0,0.0,0.0,0.0,0.0,0.0,0.0,0.0,0.0,0.0,0.0,J
0.8245203495025635,0.5561278462409973,-6.380121249094373e-07,0.8219786286354065,0.4415937662124634,0.024828745052218437,0.7892411947250366,0.35719573497772217,0.028524933382868767,0.7457641959190369,0.3201564848423004,0.029707899317145348,0.7114771008491516,0.32648149132728577,0.031054193153977394,0.7856220602989197,0.2834514379501343,-0.023674238473176956,0.6982647776603699,0.25401419401168823,-0.026250354945659637,0.6968567967414856,0.2975398600101471,-0.015139320865273476,0.7126556634902954,0.32071831822395325,-0.006938317324966192,0.7676004767417908,0.3376169800758362,-0.037204235792160034,0.6784911155700684,0.3048611879348755,-0.041498903185129166,0.6831053495407104,0.3489769697189331,-0.02677098847925663,0.7033373117446899,0.3663378953933716,-0.017767367884516716,0.7469015121459961,0.39752691984176636,-0.0460001602768898,0.6661198139190674,0.34023040533065796,-0.0478619709610939,0.672690212726593,0.37713852524757385,-0.033238280564546585,0.6925734877586365,0.39568766951560974,-0.02600114978849888,0.7284930348396301,0.45534566044807434,-0.05155588686466217,0.6684483289718628,0.41377320885658264,-0.06314060091972351,0.635148823261261,0.40201687812805176,-0.06631539762020111,0.6100679636001587,0.38758179545402527,-0.06824571639299393,0.0,0.0,0.0,0.0,0.0,0.0,0.0,0.0,0.0,0.0,0.0,0.0,0.0,0.0,0.0,0.0,0.0,0.0,0.0,0.0,0.0,0.0,0.0,0.0,0.0,0.0,0.0,0.0,0.0,0.0,0.0,0.0,0.0,0.0,0.0,0.0,0.0,0.0,0.0,0.0,0.0,0.0,0.0,0.0,0.0,0.0,0.0,0.0,0.0,0.0,0.0,0.0,0.0,0.0,0.0,0.0,0.0,0.0,0.0,0.0,0.0,0.0,0.0,J
0.8252156376838684,0.5527441501617432,-6.585821665794356e-07,0.826209545135498,0.44189316034317017,0.022963661700487137,0.7945041656494141,0.35291820764541626,0.027129055932164192,0.7504395842552185,0.3113919794559479,0.029098566621541977,0.7170160412788391,0.31603407859802246,0.0316586010158062,0.7893877625465393,0.27609017491340637,-0.022497005760669708,0.7018593549728394,0.2475511133670807,-0.026564907282590866,0.7035512924194336,0.29513904452323914,-0.01634601503610611,0.7205816507339478,0.3156213164329529,-0.008830565959215164,0.7740271091461182,0.32657527923583984,-0.0364055410027504,0.6849529147148132,0.29602667689323425,-0.042162857949733734,0.6907289028167725,0.34257757663726807,-0.027978507801890373,0.7096450924873352,0.3606531322002411,-0.019792813807725906,0.7549193501472473,0.38788068294525146,-0.046274539083242416,0.6742769479751587,0.33372965455055237,-0.05131574720144272,0.6810633540153503,0.37566760182380676,-0.03737051412463188,0.7001466155052185,0.3965989351272583,-0.030306991189718246,0.7363449335098267,0.4501519203186035,-0.053108103573322296,0.6748700141906738,0.4032173752784729,-0.06780890375375748,0.6409040689468384,0.38400372862815857,-0.0727594792842865,0.614787220954895,0.36098986864089966,-0.07600148767232895,0.0,0.0,0.0,0.0,0.0,0.0,0.0,0.0,0.0,0.0,0.0,0.0,0.0,0.0,0.0,0.0,0.0,0.0,0.0,0.0,0.0,0.0,0.0,0.0,0.0,0.0,0.0,0.0,0.0,0.0,0.0,0.0,0.0,0.0,0.0,0.0,0.0,0.0,0.0,0.0,0.0,0.0,0.0,0.0,0.0,0.0,0.0,0.0,0.0,0.0,0.0,0.0,0.0,0.0,0.0,0.0,0.0,0.0,0.0,0.0,0.0,0.0,0.0,J
0.8266221880912781,0.5546915531158447,-6.322901526800706e-07,0.8280379772186279,0.44252610206604004,0.02649606019258499,0.7929296493530273,0.356731653213501,0.0310126431286335,0.7492485046386719,0.3177768588066101,0.03213765472173691,0.7150079011917114,0.3261529505252838,0.03333337604999542,0.7881683111190796,0.2771984934806824,-0.01746409572660923,0.7027037739753723,0.24709075689315796,-0.018837712705135345,0.7044472098350525,0.2936272919178009,-0.00871671549975872,0.7209311723709106,0.3146282136440277,-0.0023103293497115374,0.7712019085884094,0.32512277364730835,-0.03320358693599701,0.6840337514877319,0.2976970076560974,-0.034256674349308014,0.6917953491210938,0.3472631573677063,-0.01960098184645176,0.709895133972168,0.36606302857398987,-0.01251040305942297,0.7509487271308899,0.38594314455986023,-0.04468449577689171,0.6714277267456055,0.3346986472606659,-0.045720212161540985,0.6811254620552063,0.38055840134620667,-0.03257418051362038,0.7000248432159424,0.4039629399776459,-0.02793983742594719,0.7333866357803345,0.4504084885120392,-0.05292307958006859,0.6699680089950562,0.4156506061553955,-0.06461679190397263,0.6356792449951172,0.4100419282913208,-0.06870788335800171,0.6067013144493103,0.39903414249420166,-0.07240196317434311,0.0,0.0,0.0,0.0,0.0,0.0,0.0,0.0,0.0,0.0,0.0,0.0,0.0,0.0,0.0,0.0,0.0,0.0,0.0,0.0,0.0,0.0,0.0,0.0,0.0,0.0,0.0,0.0,0.0,0.0,0.0,0.0,0.0,0.0,0.0,0.0,0.0,0.0,0.0,0.0,0.0,0.0,0.0,0.0,0.0,0.0,0.0,0.0,0.0,0.0,0.0,0.0,0.0,0.0,0.0,0.0,0.0,0.0,0.0,0.0,0.0,0.0,0.0,J
0.8278604745864868,0.5562886595726013,-5.221316428105638e-07,0.8247559666633606,0.4400668442249298,0.018207360059022903,0.785880446434021,0.3554321825504303,0.01861214078962803,0.7396886348724365,0.3248308002948761,0.016521576792001724,0.7055131196975708,0.34615591168403625,0.014588799327611923,0.7805263996124268,0.27903997898101807,-0.02056906186044216,0.6944984197616577,0.2563675343990326,-0.024014659225940704,0.695056676864624,0.3009639084339142,-0.0158096794039011,0.7113433480262756,0.3234550356864929,-0.010418892838060856,0.7618749737739563,0.33128622174263,-0.03338557109236717,0.6749489903450012,0.312591552734375,-0.03711000829935074,0.6830304861068726,0.3590916395187378,-0.025276830419898033,0.7024677991867065,0.37743741273880005,-0.019291633740067482,0.742242693901062,0.395367294549942,-0.04293091222643852,0.6635452508926392,0.3493954837322235,-0.048375897109508514,0.6749112606048584,0.39180463552474976,-0.03939815238118172,0.6951857209205627,0.41496050357818604,-0.03615378215909004,0.72752445936203,0.4633091986179352,-0.04979563131928444,0.6661108136177063,0.44180381298065186,-0.06333865970373154,0.6309416890144348,0.4455631673336029,-0.06854225695133209,0.6005375385284424,0.4454561769962311,-0.07263126969337463,0.0,0.0,0.0,0.0,0.0,0.0,0.0,0.0,0.0,0.0,0.0,0.0,0.0,0.0,0.0,0.0,0.0,0.0,0.0,0.0,0.0,0.0,0.0,0.0,0.0,0.0,0.0,0.0,0.0,0.0,0.0,0.0,0.0,0.0,0.0,0.0,0.0,0.0,0.0,0.0,0.0,0.0,0.0,0.0,0.0,0.0,0.0,0.0,0.0,0.0,0.0,0.0,0.0,0.0,0.0,0.0,0.0,0.0,0.0,0.0,0.0,0.0,0.0,J
0.8260434865951538,0.5608643889427185,-5.680610684066778e-07,0.8177556991577148,0.4410303235054016,0.021434443071484566,0.7772029638290405,0.36129677295684814,0.022188885137438774,0.7302612066268921,0.3312693238258362,0.020789749920368195,0.696725606918335,0.3519691526889801,0.019486822187900543,0.7682734727859497,0.28655532002449036,-0.027847329154610634,0.6796203255653381,0.2765907049179077,-0.028063978999853134,0.6817289590835571,0.32146748900413513,-0.014360787346959114,0.6981582045555115,0.3417902886867523,-0.00599571643397212,0.7516218423843384,0.34156253933906555,-0.04215039312839508,0.6624436974525452,0.33528774976730347,-0.0438394695520401,0.6726790070533752,0.38047292828559875,-0.027482895180583,0.6929463744163513,0.3964426517486572,-0.01947031356394291,0.7341809272766113,0.40873393416404724,-0.05212799087166786,0.6527206897735596,0.3758723735809326,-0.055438652634620667,0.6660062074661255,0.41501450538635254,-0.0438421368598938,0.687221109867096,0.4344010055065155,-0.04067191109061241,0.7221337556838989,0.4781571924686432,-0.059065207839012146,0.6577131748199463,0.4720279574394226,-0.07413716614246368,0.6219848990440369,0.48621219396591187,-0.08055320382118225,0.5908342599868774,0.4938020408153534,-0.08615917712450027,0.0,0.0,0.0,0.0,0.0,0.0,0.0,0.0,0.0,0.0,0.0,0.0,0.0,0.0,0.0,0.0,0.0,0.0,0.0,0.0,0.0,0.0,0.0,0.0,0.0,0.0,0.0,0.0,0.0,0.0,0.0,0.0,0.0,0.0,0.0,0.0,0.0,0.0,0.0,0.0,0.0,0.0,0.0,0.0,0.0,0.0,0.0,0.0,0.0,0.0,0.0,0.0,0.0,0.0,0.0,0.0,0.0,0.0,0.0,0.0,0.0,0.0,0.0,J
0.822594940662384,0.5533462762832642,-4.887402269559971e-07,0.812728762626648,0.4340503215789795,0.017691513523459435,0.7680231928825378,0.3595220744609833,0.016102030873298645,0.718222975730896,0.3374314606189728,0.013147200457751751,0.683342695236206,0.3611944615840912,0.010495924390852451,0.7577038407325745,0.29546135663986206,-0.033217653632164,0.6693471670150757,0.2819533348083496,-0.03381096571683884,0.6725775599479675,0.3225668966770172,-0.02039818838238716,0.6896018981933594,0.3424302339553833,-0.011955739930272102,0.7403561472892761,0.3575151562690735,-0.045582979917526245,0.6524580717086792,0.34670379757881165,-0.047635626047849655,0.6647611260414124,0.3863443434238434,-0.032201193273067474,0.6869633197784424,0.4009208083152771,-0.02448500506579876,0.7238398194313049,0.4270189106464386,-0.05348028615117073,0.6436426639556885,0.39210864901542664,-0.05635548755526543,0.6586523056030273,0.4262402057647705,-0.04519597068428993,0.6811360716819763,0.44428950548171997,-0.0420406199991703,0.7136995196342468,0.49492502212524414,-0.05853595957159996,0.6530219912528992,0.4906191825866699,-0.07151433080434799,0.6192469596862793,0.507361650466919,-0.07642664760351181,0.5895684361457825,0.5207726359367371,-0.0810716450214386,0.0,0.0,0.0,0.0,0.0,0.0,0.0,0.0,0.0,0.0,0.0,0.0,0.0,0.0,0.0,0.0,0.0,0.0,0.0,0.0,0.0,0.0,0.0,0.0,0.0,0.0,0.0,0.0,0.0,0.0,0.0,0.0,0.0,0.0,0.0,0.0,0.0,0.0,0.0,0.0,0.0,0.0,0.0,0.0,0.0,0.0,0.0,0.0,0.0,0.0,0.0,0.0,0.0,0.0,0.0,0.0,0.0,0.0,0.0,0.0,0.0,0.0,0.0,J
0.81792151927948,0.5442318320274353,-4.94310995691194e-07,0.8052860498428345,0.4248136281967163,0.019196709617972374,0.7563120722770691,0.3579231798648834,0.018128925934433937,0.704686164855957,0.34180763363838196,0.015894953161478043,0.6718109846115112,0.37004178762435913,0.013775927014648914,0.7459790110588074,0.2986615300178528,-0.0367581807076931,0.6551380157470703,0.29141318798065186,-0.037525057792663574,0.6640316843986511,0.32908758521080017,-0.02399086207151413,0.6834810972213745,0.3439432382583618,-0.015590106137096882,0.7320505976676941,0.36477911472320557,-0.04954179376363754,0.641952395439148,0.35917046666145325,-0.05194626748561859,0.6568060517311096,0.39383456110954285,-0.03677576780319214,0.6800320744514465,0.4042806029319763,-0.0292900949716568,0.7185932397842407,0.43745166063308716,-0.057230185717344284,0.635731041431427,0.410646915435791,-0.059442635625600815,0.6514167785644531,0.4378710091114044,-0.048471562564373016,0.6743491888046265,0.44950059056282043,-0.04558948799967766,0.7107414603233337,0.5065274238586426,-0.061810992658138275,0.6488090753555298,0.5114246606826782,-0.07369604706764221,0.6159732341766357,0.5329745411872864,-0.07819650322198868,0.5880597829818726,0.5505119562149048,-0.0827493667602539,0.0,0.0,0.0,0.0,0.0,0.0,0.0,0.0,0.0,0.0,0.0,0.0,0.0,0.0,0.0,0.0,0.0,0.0,0.0,0.0,0.0,0.0,0.0,0.0,0.0,0.0,0.0,0.0,0.0,0.0,0.0,0.0,0.0,0.0,0.0,0.0,0.0,0.0,0.0,0.0,0.0,0.0,0.0,0.0,0.0,0.0,0.0,0.0,0.0,0.0,0.0,0.0,0.0,0.0,0.0,0.0,0.0,0.0,0.0,0.0,0.0,0.0,0.0,J
0.8144355416297913,0.5298539996147156,-4.658470516005764e-07,0.7974963188171387,0.4108663499355316,0.013753984123468399,0.7460649013519287,0.3462909162044525,0.007824075408279896,0.6917550563812256,0.3313354551792145,0.0018473125528544188,0.6562491655349731,0.35464778542518616,-0.003934397827833891,0.7385210394859314,0.301495224237442,-0.049023691564798355,0.6427287459373474,0.3022969365119934,-0.05463339760899544,0.6544809937477112,0.33526113629341125,-0.04490361362695694,0.6759863495826721,0.3474765121936798,-0.038870714604854584,0.727157473564148,0.3726406395435333,-0.060673218220472336,0.6319994926452637,0.3730420470237732,-0.06625285744667053,0.6490129828453064,0.4033220112323761,-0.05246926099061966,0.6748278141021729,0.41038480401039124,-0.04639662057161331,0.7161471247673035,0.4486720561981201,-0.06739291548728943,0.6290509104728699,0.42730143666267395,-0.07109391689300537,0.6444005370140076,0.45027005672454834,-0.060132116079330444,0.6694588661193848,0.4597855508327484,-0.057744551450014114,0.7101362943649292,0.5186032652854919,-0.0714145079255104,0.644182026386261,0.5306859612464905,-0.08366074413061142,0.6101145148277283,0.5572655200958252,-0.08786969631910324,0.5835380554199219,0.5814045667648315,-0.09273681044578552,0.0,0.0,0.0,0.0,0.0,0.0,0.0,0.0,0.0,0.0,0.0,0.0,0.0,0.0,0.0,0.0,0.0,0.0,0.0,0.0,0.0,0.0,0.0,0.0,0.0,0.0,0.0,0.0,0.0,0.0,0.0,0.0,0.0,0.0,0.0,0.0,0.0,0.0,0.0,0.0,0.0,0.0,0.0,0.0,0.0,0.0,0.0,0.0,0.0,0.0,0.0,0.0,0.0,0.0,0.0,0.0,0.0,0.0,0.0,0.0,0.0,0.0,0.0,J
0.8138758540153503,0.5218558311462402,-4.703046556642221e-07,0.7931649684906006,0.40372565388679504,0.01612471602857113,0.7417152523994446,0.3461964428424835,0.008591140620410442,0.6875478029251099,0.3325003683567047,0.0017886541318148375,0.6509382724761963,0.3536718487739563,-0.004597100429236889,0.7317986488342285,0.3027728199958801,-0.061651334166526794,0.6362220048904419,0.31183457374572754,-0.06428126990795135,0.6511923670768738,0.3392784297466278,-0.048911526799201965,0.6736620664596558,0.3495171070098877,-0.03965875878930092,0.7235701680183411,0.3753053545951843,-0.07418597489595413,0.6277543902397156,0.38173994421958923,-0.0756136104464531,0.6482570767402649,0.4056837856769562,-0.055563583970069885,0.6735809445381165,0.4074397385120392,-0.04698348417878151,0.7145133018493652,0.45284566283226013,-0.08039043098688126,0.6255608797073364,0.43564343452453613,-0.07889552414417267,0.6453416347503662,0.4515678882598877,-0.062216468155384064,0.6735928058624268,0.45690736174583435,-0.058799780905246735,0.7098913788795471,0.5233585834503174,-0.08371409773826599,0.6447188258171082,0.542199432849884,-0.0954827144742012,0.6118941307067871,0.5725013613700867,-0.09890833497047424,0.5856009125709534,0.6003774404525757,-0.10433641076087952,0.0,0.0,0.0,0.0,0.0,0.0,0.0,0.0,0.0,0.0,0.0,0.0,0.0,0.0,0.0,0.0,0.0,0.0,0.0,0.0,0.0,0.0,0.0,0.0,0.0,0.0,0.0,0.0,0.0,0.0,0.0,0.0,0.0,0.0,0.0,0.0,0.0,0.0,0.0,0.0,0.0,0.0,0.0,0.0,0.0,0.0,0.0,0.0,0.0,0.0,0.0,0.0,0.0,0.0,0.0,0.0,0.0,0.0,0.0,0.0,0.0,0.0,0.0,J
0.8131071925163269,0.5168573260307312,-4.693157222845912e-07,0.7904335856437683,0.40171951055526733,0.013681599870324135,0.738301694393158,0.3443948030471802,0.006199725903570652,0.6832021474838257,0.3325118124485016,-0.0003063614421989769,0.6466355323791504,0.35160890221595764,-0.006216912530362606,0.7271260619163513,0.3049631714820862,-0.06093653291463852,0.6311626434326172,0.31989786028862,-0.06454508006572723,0.6468679308891296,0.34678855538368225,-0.05001427233219147,0.669500470161438,0.3537639081478119,-0.041181571781635284,0.7203270792961121,0.3777470886707306,-0.07277145981788635,0.6242814064025879,0.38940924406051636,-0.07669713348150253,0.6434152126312256,0.41088080406188965,-0.059000413864851,0.6686827540397644,0.41147923469543457,-0.05132653936743736,0.7130110263824463,0.4556196630001068,-0.07866061478853226,0.6240614652633667,0.4456869065761566,-0.07981128245592117,0.6423322558403015,0.4585034251213074,-0.06562565267086029,0.6696851849555969,0.4610939919948578,-0.06291712075471878,0.7099458575248718,0.5265524387359619,-0.08179831504821777,0.6453344225883484,0.5498911142349243,-0.09481102228164673,0.6137264370918274,0.5823248624801636,-0.09936114400625229,0.5893992185592651,0.611876368522644,-0.10520244389772415,0.0,0.0,0.0,0.0,0.0,0.0,0.0,0.0,0.0,0.0,0.0,0.0,0.0,0.0,0.0,0.0,0.0,0.0,0.0,0.0,0.0,0.0,0.0,0.0,0.0,0.0,0.0,0.0,0.0,0.0,0.0,0.0,0.0,0.0,0.0,0.0,0.0,0.0,0.0,0.0,0.0,0.0,0.0,0.0,0.0,0.0,0.0,0.0,0.0,0.0,0.0,0.0,0.0,0.0,0.0,0.0,0.0,0.0,0.0,0.0,0.0,0.0,0.0,J
0.7919244170188904,0.46462681889533997,-1.0804631500604955e-07,0.7708513140678406,0.37190166115760803,-0.00046085103531368077,0.7189702987670898,0.32262635231018066,-0.011368157342076302,0.6672773957252502,0.3385734558105469,-0.01929609291255474,0.6430853009223938,0.3760397732257843,-0.026610784232616425,0.7167856693267822,0.309231162071228,-0.056607745587825775,0.6318510174751282,0.33459895849227905,-0.06839073449373245,0.642842173576355,0.3552509546279907,-0.06121522933244705,0.6694653630256653,0.35719239711761475,-0.054047826677560806,0.7177133560180664,0.3843638598918915,-0.06275622546672821,0.6279293298721313,0.4034806191921234,-0.0791427418589592,0.6444748640060425,0.4137175977230072,-0.07142184674739838,0.6730649471282959,0.4100174307823181,-0.06438032537698746,0.7172108888626099,0.45667150616645813,-0.06515636295080185,0.6324090361595154,0.46721601486206055,-0.07701926678419113,0.6470353603363037,0.47077301144599915,-0.06849028915166855,0.6710068583488464,0.4666726887226105,-0.06230650842189789,0.7195420265197754,0.5210433006286621,-0.06578563153743744,0.6599558591842651,0.5382769107818604,-0.07980872690677643,0.6495684385299683,0.5528882145881653,-0.08078695088624954,0.6471925377845764,0.5650344491004944,-0.08013168722391129,0.8103365898132324,0.5103384256362915,-4.5964472406012646e-07,0.7847772836685181,0.39652401208877563,0.012481153011322021,0.7301501631736755,0.34486275911331177,0.004527973476797342,0.6765034198760986,0.3360510766506195,-0.002469221828505397,0.6418930888175964,0.35789352655410767,-0.009035097435116768,0.7215656042098999,0.30747783184051514,-0.06063825264573097,0.6253036856651306,0.32721206545829773,-0.06652689725160599,0.6423184871673584,0.3542696237564087,-0.05514470487833023,0.6661549210548401,0.3604908287525177,-0.04827456921339035,0.7177165150642395,0.38146430253982544,-0.07209040224552155,0.6200723648071289,0.39882051944732666,-0.07810982316732407,0.6415355801582336,0.41932711005210876,-0.06300912797451019,0.6684088706970215,0.4196344316005707,-0.0567718967795372,0.712822437286377,0.4603099822998047,-0.07781632244586945,0.6221581697463989,0.4571194350719452,-0.08018914610147476,0.643508791923523,0.47022542357444763,-0.06716414541006088,0.672828197479248,0.47250989079475403,-0.06483723968267441,0.7113541960716248,0.5303810834884644,-0.08088917285203934,0.6465088129043579,0.561370313167572,-0.09341875463724136,0.6160978078842163,0.596613883972168,-0.09777254611253738,0.5924807786941528,0.6278603672981262,-0.10361720621585846,J
0.8084957599639893,0.5132023096084595,-4.837542064706213e-07,0.7814981937408447,0.40044674277305603,0.01621108129620552,0.7297369837760925,0.35110652446746826,0.009769536554813385,0.6780766248703003,0.34618324041366577,0.0037708065938204527,0.644358217716217,0.3722649812698364,-0.0019380893791094422,0.7165964245796204,0.31099170446395874,-0.060878071933984756,0.6221529245376587,0.33449679613113403,-0.06554222106933594,0.6399538516998291,0.35895684361457825,-0.051232531666755676,0.6638407707214355,0.3645923137664795,-0.04248476400971413,0.7152203321456909,0.3833213150501251,-0.07435985654592514,0.618010401725769,0.4063355326652527,-0.07962077856063843,0.6402856111526489,0.4258638620376587,-0.061692021787166595,0.6665878295898438,0.42313507199287415,-0.053583040833473206,0.7127103805541992,0.4624323844909668,-0.08173637092113495,0.621819257736206,0.4661722183227539,-0.08357463032007217,0.6426975727081299,0.4782310128211975,-0.06823936849832535,0.6708385348320007,0.4775334596633911,-0.06456898152828217,0.7133556604385376,0.5344297885894775,-0.08618570864200592,0.6497325897216797,0.5675345659255981,-0.10049494355916977,0.6206542253494263,0.6024961471557617,-0.10499944537878036,0.5980631113052368,0.6335346698760986,-0.11054480820894241,0.0,0.0,0.0,0.0,0.0,0.0,0.0,0.0,0.0,0.0,0.0,0.0,0.0,0.0,0.0,0.0,0.0,0.0,0.0,0.0,0.0,0.0,0.0,0.0,0.0,0.0,0.0,0.0,0.0,0.0,0.0,0.0,0.0,0.0,0.0,0.0,0.0,0.0,0.0,0.0,0.0,0.0,0.0,0.0,0.0,0.0,0.0,0.0,0.0,0.0,0.0,0.0,0.0,0.0,0.0,0.0,0.0,0.0,0.0,0.0,0.0,0.0,0.0,J
0.7932870984077454,0.46435093879699707,-4.505052686454292e-08,0.7721286416053772,0.37632670998573303,-0.0006298624211922288,0.7193291187286377,0.3328995406627655,-0.011374922469258308,0.6696118116378784,0.3485228717327118,-0.019056083634495735,0.645461916923523,0.38803064823150635,-0.02633913792669773,0.7156702876091003,0.31782054901123047,-0.055782951414585114,0.6299996376037598,0.3473086357116699,-0.06728150695562363,0.6380082964897156,0.365821897983551,-0.06029675155878067,0.6638270020484924,0.3681859076023102,-0.053253207355737686,0.718658447265625,0.38890236616134644,-0.06137785688042641,0.6296650171279907,0.4138411283493042,-0.07455184310674667,0.6340186595916748,0.42230120301246643,-0.06602934747934341,0.6553381085395813,0.41869863867759705,-0.059814803302288055,0.7203637957572937,0.46005284786224365,-0.06361410021781921,0.6363179683685303,0.47382795810699463,-0.07472581416368484,0.638694167137146,0.4754240810871124,-0.06842315196990967,0.6556949615478516,0.4721233546733856,-0.06426555663347244,0.7253568768501282,0.5227611064910889,-0.06399219483137131,0.6700035929679871,0.5418753027915955,-0.07862191647291183,0.6603752374649048,0.5554283261299133,-0.08061940222978592,0.6608973145484924,0.5681896209716797,-0.0805361345410347,0.8095182180404663,0.5145629644393921,-4.7662666702308343e-07,0.7826385498046875,0.40473702549934387,0.013447037898004055,0.7292327880859375,0.35704800486564636,0.006677685771137476,0.677005410194397,0.35666102170944214,0.00041867970139719546,0.6436274647712708,0.3853049576282501,-0.005507547874003649,0.7170624136924744,0.31529396772384644,-0.058218229562044144,0.6214442253112793,0.33846935629844666,-0.06490134447813034,0.6380351185798645,0.3649275600910187,-0.05375263839960098,0.6618195176124573,0.3709888756275177,-0.04685712978243828,0.7161364555358887,0.3853873014450073,-0.0704139918088913,0.618782639503479,0.40994584560394287,-0.07726879417896271,0.6394298076629639,0.4292111098766327,-0.06254477798938751,0.6650950312614441,0.42611584067344666,-0.05616215616464615,0.7143419981002808,0.46263134479522705,-0.0771230161190033,0.6234704256057739,0.46845653653144836,-0.08133314549922943,0.6435174345970154,0.4802425801753998,-0.06914233416318893,0.6711609959602356,0.47950467467308044,-0.0665532648563385,0.7154124975204468,0.533543586730957,-0.08108322322368622,0.6526278853416443,0.5689396858215332,-0.09606217592954636,0.6231111288070679,0.6033034324645996,-0.10158207267522812,0.6002072691917419,0.6343262791633606,-0.10748086124658585,J
0.8113685846328735,0.5235762000083923,-5.082242751086596e-07,0.7853670120239258,0.41007211804389954,0.015599703416228294,0.733554482460022,0.36290109157562256,0.009192432276904583,0.6815102696418762,0.3619697093963623,0.002951991045847535,0.6481301188468933,0.39183148741722107,-0.0029528767336159945,0.7194547057151794,0.3160814940929413,-0.05907590314745903,0.6248626708984375,0.3389871120452881,-0.06241590529680252,0.6401973366737366,0.3679528534412384,-0.046644337475299835,0.6628137230873108,0.3761630952358246,-0.03695715591311455,0.7181411385536194,0.3843960762023926,-0.07233061641454697,0.622087836265564,0.4108862578868866,-0.07647199928760529,0.6415830254554749,0.43364760279655457,-0.05796495079994202,0.6652730703353882,0.4309103786945343,-0.04971979930996895,0.7160681486129761,0.4614057242870331,-0.07972577959299088,0.6263408660888672,0.467584490776062,-0.08200600743293762,0.6463236808776855,0.48084408044815063,-0.06720864772796631,0.6733895540237427,0.4806540310382843,-0.06384774297475815,0.7168997526168823,0.5333898663520813,-0.08422987908124924,0.6538463830947876,0.5644461512565613,-0.09890997409820557,0.6239843964576721,0.5990850925445557,-0.10380297154188156,0.6006237268447876,0.6306118369102478,-0.10968885570764542,0.0,0.0,0.0,0.0,0.0,0.0,0.0,0.0,0.0,0.0,0.0,0.0,0.0,0.0,0.0,0.0,0.0,0.0,0.0,0.0,0.0,0.0,0.0,0.0,0.0,0.0,0.0,0.0,0.0,0.0,0.0,0.0,0.0,0.0,0.0,0.0,0.0,0.0,0.0,0.0,0.0,0.0,0.0,0.0,0.0,0.0,0.0,0.0,0.0,0.0,0.0,0.0,0.0,0.0,0.0,0.0,0.0,0.0,0.0,0.0,0.0,0.0,0.0,J
0.7944617867469788,0.4678652286529541,-6.552587450414649e-08,0.7745048403739929,0.3780158460140228,0.0014647996285930276,0.7235137224197388,0.33300262689590454,-0.00948331505060196,0.6747355461120605,0.34417226910591125,-0.017473962157964706,0.6505520939826965,0.3826586902141571,-0.025293614715337753,0.718062162399292,0.31810981035232544,-0.05949617549777031,0.6344301700592041,0.34633055329322815,-0.06910520792007446,0.6424558758735657,0.3648669123649597,-0.05901231989264488,0.6673402786254883,0.3668937087059021,-0.05010705441236496,0.720524251461029,0.3885624408721924,-0.0660766065120697,0.632122278213501,0.4122384190559387,-0.07819730043411255,0.6388620138168335,0.42112886905670166,-0.06657692044973373,0.6614643335342407,0.4177882969379425,-0.058327749371528625,0.7212940454483032,0.4587409198284149,-0.06864964962005615,0.6368256211280823,0.47112321853637695,-0.07798393070697784,0.6429658532142639,0.47288843989372253,-0.06823090463876724,0.6623006463050842,0.4699254333972931,-0.06225723400712013,0.7254464030265808,0.520962119102478,-0.06927867978811264,0.6692859530448914,0.5367539525032043,-0.08284416049718857,0.6604555249214172,0.5490120649337769,-0.08341037482023239,0.6607924699783325,0.5608841776847839,-0.08255188167095184,0.8105154633522034,0.5220392346382141,-5.087405270387535e-07,0.7858045101165771,0.40966829657554626,0.01595926843583584,0.7356460094451904,0.3600653111934662,0.00951622799038887,0.6837162971496582,0.3571498692035675,0.0033966393675655127,0.6505672335624695,0.3863840103149414,-0.0022890784312039614,0.7212235927581787,0.3150879442691803,-0.06032751128077507,0.6262475848197937,0.3364892899990082,-0.06377863138914108,0.6413461565971375,0.36593097448349,-0.04781695827841759,0.663611114025116,0.37346193194389343,-0.038133252412080765,0.7192713022232056,0.38306060433387756,-0.07333369553089142,0.6234754323959351,0.4079509973526001,-0.07649287581443787,0.642753541469574,0.43181005120277405,-0.05628221854567528,0.6662399768829346,0.4281989336013794,-0.047231294214725494,0.7160778641700745,0.4594799876213074,-0.08050119131803513,0.62800133228302,0.46307477355003357,-0.08160361647605896,0.6479789614677429,0.4759860932826996,-0.06546188145875931,0.6753159761428833,0.47497445344924927,-0.06174324080348015,0.7155843377113342,0.5303112268447876,-0.08487332612276077,0.6544976234436035,0.5598018765449524,-0.1001199409365654,0.6238682866096497,0.5935407876968384,-0.1056363582611084,0.5995132923126221,0.6244467496871948,-0.11204299330711365,J
0.8142656087875366,0.5275909304618835,-5.195526568968489e-07,0.7919903993606567,0.41418519616127014,0.01432747021317482,0.7421131134033203,0.3587578237056732,0.008251591585576534,0.6900387406349182,0.3509265184402466,0.0024780933745205402,0.656282365322113,0.3758072257041931,-0.002515053143724799,0.7276635766029358,0.3087397813796997,-0.057119593024253845,0.6324014663696289,0.3239530622959137,-0.061619002372026443,0.6463278532028198,0.35523107647895813,-0.04685104638338089,0.6686558127403259,0.36431050300598145,-0.03749397024512291,0.723014771938324,0.37732988595962524,-0.06983225792646408,0.626911461353302,0.39769893884658813,-0.07575014233589172,0.6454551219940186,0.42235642671585083,-0.05856400728225708,0.6702232360839844,0.4211672246456146,-0.050589729100465775,0.7179853916168213,0.4539577066898346,-0.07716931402683258,0.6296589374542236,0.45410192012786865,-0.08126161247491837,0.6490628123283386,0.46697065234184265,-0.06846011430025101,0.6766908764839172,0.46554213762283325,-0.06574241816997528,0.7165572643280029,0.5252529382705688,-0.08173386007547379,0.6535195708274841,0.5488222241401672,-0.09712524712085724,0.6214430928230286,0.5821774005889893,-0.10347375273704529,0.5963428020477295,0.6124035716056824,-0.11022207140922546,0.0,0.0,0.0,0.0,0.0,0.0,0.0,0.0,0.0,0.0,0.0,0.0,0.0,0.0,0.0,0.0,0.0,0.0,0.0,0.0,0.0,0.0,0.0,0.0,0.0,0.0,0.0,0.0,0.0,0.0,0.0,0.0,0.0,0.0,0.0,0.0,0.0,0.0,0.0,0.0,0.0,0.0,0.0,0.0,0.0,0.0,0.0,0.0,0.0,0.0,0.0,0.0,0.0,0.0,0.0,0.0,0.0,0.0,0.0,0.0,0.0,0.0,0.0,J
0.7976713180541992,0.46743646264076233,-1.462762213577662e-07,0.7773525714874268,0.37361493706703186,0.006874937564134598,0.7314064502716064,0.3254399597644806,-0.002050591167062521,0.6837326288223267,0.3309290409088135,-0.008733696304261684,0.6569973826408386,0.36359211802482605,-0.015628157183527946,0.7284560203552246,0.3096519708633423,-0.0589589849114418,0.6419005393981934,0.32716113328933716,-0.06585971266031265,0.6447607278823853,0.3505687713623047,-0.051264263689517975,0.6667129397392273,0.35849833488464355,-0.039210349321365356,0.7291175723075867,0.37853386998176575,-0.06739182770252228,0.637471616268158,0.3941013514995575,-0.07664068043231964,0.6401897668838501,0.40793377161026,-0.0603887178003788,0.659821093082428,0.40618810057640076,-0.049157336354255676,0.7269039750099182,0.4479706287384033,-0.07135390490293503,0.6429615020751953,0.45210203528404236,-0.0785139724612236,0.643853485584259,0.45511284470558167,-0.06642799079418182,0.6579608917236328,0.45195162296295166,-0.05971977114677429,0.7271131277084351,0.509398877620697,-0.07282239943742752,0.67023766040802,0.5246330499649048,-0.08672169595956802,0.6534860134124756,0.5395848751068115,-0.08830277621746063,0.6453179717063904,0.5528727173805237,-0.0885109081864357,0.8153923153877258,0.5282350778579712,-5.078195499663707e-07,0.7942826151847839,0.41627931594848633,0.012133273296058178,0.7431800365447998,0.35734468698501587,0.004876382183283567,0.6903933882713318,0.3457987308502197,-0.0020366893149912357,0.6551151275634766,0.3692665696144104,-0.00802651233971119,0.7317084074020386,0.30595096945762634,-0.05477268993854523,0.6341731548309326,0.3200167715549469,-0.06209080293774605,0.6482753753662109,0.3525256812572479,-0.052092935889959335,0.6703136563301086,0.3610376715660095,-0.045895494520664215,0.7266780734062195,0.37322866916656494,-0.06644318997859955,0.629078209400177,0.3933139443397522,-0.07322778552770615,0.647110104560852,0.4186145067214966,-0.058608654886484146,0.6717103123664856,0.4179914891719818,-0.052518073469400406,0.7203455567359924,0.4483936131000519,-0.07339316606521606,0.6312472224235535,0.4431115388870239,-0.07805445790290833,0.6499969363212585,0.4584904611110687,-0.06663927435874939,0.6773026585578918,0.45970040559768677,-0.06467719376087189,0.7174473404884338,0.5173306465148926,-0.0778992623090744,0.6560011506080627,0.5388373732566833,-0.09255960583686829,0.6233879923820496,0.57204669713974,-0.09876842051744461,0.5972329378128052,0.6029792428016663,-0.10547424852848053,J
0.819009006023407,0.5177870988845825,-5.290082185638312e-07,0.7983976006507874,0.4055272340774536,0.014356960542500019,0.7477030754089355,0.3482205867767334,0.009106128476560116,0.6974205374717712,0.34031474590301514,0.0032210671342909336,0.6666208505630493,0.36994343996047974,-0.0018888497725129128,0.7335444688796997,0.2937353849411011,-0.04643785580992699,0.6400736570358276,0.30772632360458374,-0.05484602972865105,0.6542015671730042,0.34398725628852844,-0.047407183796167374,0.6764824986457825,0.3539170026779175,-0.04316788911819458,0.7285789847373962,0.3573535680770874,-0.05915192887187004,0.63382887840271,0.3796422481536865,-0.06666296720504761,0.6526381969451904,0.4091252088546753,-0.05289866402745247,0.6775566339492798,0.4079592227935791,-0.04689885303378105,0.7229207158088684,0.43138569593429565,-0.06771741062402725,0.6363255381584167,0.4292339086532593,-0.07363025099039078,0.6554935574531555,0.44869112968444824,-0.06240219995379448,0.6821460723876953,0.4495600461959839,-0.059731509536504745,0.7213522791862488,0.5006173849105835,-0.0738777369260788,0.6629632115364075,0.525209903717041,-0.08985713124275208,0.6296811699867249,0.5570021271705627,-0.09683328866958618,0.6016330718994141,0.584278404712677,-0.1035301461815834,0.0,0.0,0.0,0.0,0.0,0.0,0.0,0.0,0.0,0.0,0.0,0.0,0.0,0.0,0.0,0.0,0.0,0.0,0.0,0.0,0.0,0.0,0.0,0.0,0.0,0.0,0.0,0.0,0.0,0.0,0.0,0.0,0.0,0.0,0.0,0.0,0.0,0.0,0.0,0.0,0.0,0.0,0.0,0.0,0.0,0.0,0.0,0.0,0.0,0.0,0.0,0.0,0.0,0.0,0.0,0.0,0.0,0.0,0.0,0.0,0.0,0.0,0.0,J
0.8025302886962891,0.4542640149593353,-2.115702386618068e-07,0.7849302291870117,0.3662095069885254,0.004059780389070511,0.7372514009475708,0.3132193684577942,-0.003024857956916094,0.6877557039260864,0.3158506453037262,-0.008821598254144192,0.6619246602058411,0.35167598724365234,-0.014670312404632568,0.7336722016334534,0.28487807512283325,-0.04317418113350868,0.649596095085144,0.3058764636516571,-0.053498804569244385,0.6554519534111023,0.33518970012664795,-0.04752344265580177,0.6793993711471558,0.3429938554763794,-0.04177605360746384,0.734216034412384,0.34835949540138245,-0.051543064415454865,0.6432426571846008,0.3690338134765625,-0.06463745981454849,0.6506050229072571,0.3891671597957611,-0.057153940200805664,0.6722356081008911,0.3888043165206909,-0.05120661482214928,0.7315213680267334,0.4169788360595703,-0.056844744831323624,0.6473143696784973,0.42655909061431885,-0.06853006780147552,0.655677080154419,0.4392399787902832,-0.06141766533255577,0.6748111844062805,0.4382457137107849,-0.05634298548102379,0.7317808866500854,0.48055315017700195,-0.0602119155228138,0.674266517162323,0.49349334836006165,-0.07460350543260574,0.6550753712654114,0.5110008120536804,-0.07668385654687881,0.6436395645141602,0.5243078470230103,-0.07704704999923706,0.8195571303367615,0.51475590467453,-5.239494953457324e-07,0.8005517721176147,0.4061053991317749,0.010627556592226028,0.7491843700408936,0.34395530819892883,0.0047540925443172455,0.6970133185386658,0.3305634558200836,-0.0019697188399732113,0.6652793288230896,0.3552749454975128,-0.007762535009533167,0.7353202700614929,0.2878713011741638,-0.04024108871817589,0.6434050798416138,0.2998247444629669,-0.050534751266241074,0.6536526083946228,0.34179654717445374,-0.04619130492210388,0.6750064492225647,0.35296669602394104,-0.043628472834825516,0.7304863929748535,0.34822729229927063,-0.05173279345035553,0.636795699596405,0.370629221200943,-0.06234261393547058,0.6527579426765442,0.40428948402404785,-0.05201290175318718,0.6774721741676331,0.4047684967517853,-0.0468946173787117,0.7251657247543335,0.42001137137413025,-0.06012217327952385,0.6395416259765625,0.41984251141548157,-0.06934096664190292,0.6563615798950195,0.44173160195350647,-0.06068895757198334,0.6818426847457886,0.44251906871795654,-0.05783360078930855,0.7238277196884155,0.4874313473701477,-0.06649979203939438,0.6651330590248108,0.5096926093101501,-0.08262818306684494,0.6307480335235596,0.539463996887207,-0.08992975205183029,0.6027756929397583,0.5644032955169678,-0.0960928425192833,J
0.8255038857460022,0.5114911794662476,-6.206943226061412e-07,0.8075414299964905,0.39533114433288574,0.02148282900452614,0.7585090398788452,0.33650270104408264,0.02043421007692814,0.7058053016662598,0.325188547372818,0.01773712784051895,0.6726716756820679,0.3486827313899994,0.015591617673635483,0.7444614171981812,0.268941193819046,-0.04069509357213974,0.654603123664856,0.2821888029575348,-0.040398091077804565,0.6597297787666321,0.32744017243385315,-0.021789226680994034,0.6765628457069397,0.3407541513442993,-0.01036464050412178,0.7388534545898438,0.32690316438674927,-0.05610477924346924,0.6456489562988281,0.34494632482528687,-0.06010428071022034,0.6572811603546143,0.38429659605026245,-0.040607888251543045,0.6796608567237854,0.392643541097641,-0.029688594862818718,0.7323298454284668,0.39582666754722595,-0.06614291667938232,0.6457856297492981,0.3940103054046631,-0.06899439543485641,0.6592081189155579,0.42232459783554077,-0.053870078176259995,0.681268036365509,0.4306013882160187,-0.048414744436740875,0.7294679880142212,0.46144214272499084,-0.07318956404924393,0.6678422689437866,0.48527488112449646,-0.08825919032096863,0.6355828642845154,0.5113455653190613,-0.09421809017658234,0.6089473366737366,0.5294762253761292,-0.09945880621671677,0.0,0.0,0.0,0.0,0.0,0.0,0.0,0.0,0.0,0.0,0.0,0.0,0.0,0.0,0.0,0.0,0.0,0.0,0.0,0.0,0.0,0.0,0.0,0.0,0.0,0.0,0.0,0.0,0.0,0.0,0.0,0.0,0.0,0.0,0.0,0.0,0.0,0.0,0.0,0.0,0.0,0.0,0.0,0.0,0.0,0.0,0.0,0.0,0.0,0.0,0.0,0.0,0.0,0.0,0.0,0.0,0.0,0.0,0.0,0.0,0.0,0.0,0.0,J
0.8095883727073669,0.4441295564174652,-3.1387833132612286e-07,0.7971691489219666,0.3505750596523285,0.008582040667533875,0.7534776926040649,0.29115229845046997,0.0035173140931874514,0.7023060917854309,0.2835199236869812,0.0002564108872320503,0.672060489654541,0.3060208559036255,-0.002911681542173028,0.7495394945144653,0.25808995962142944,-0.04813467711210251,0.6668253540992737,0.2678580582141876,-0.05197404697537422,0.669348955154419,0.29928159713745117,-0.03758567199110985,0.6893182396888733,0.3118875324726105,-0.027492139488458633,0.7444784045219421,0.32073116302490234,-0.058137357234954834,0.6542099118232727,0.33140313625335693,-0.06828053295612335,0.6646718978881836,0.35710135102272034,-0.054705116897821426,0.6887992024421692,0.363998681306839,-0.04527261108160019,0.7374518513679504,0.38904428482055664,-0.06393387168645859,0.6561516523361206,0.3859821557998657,-0.07354862987995148,0.6670719981193542,0.40396347641944885,-0.06331276893615723,0.6868711709976196,0.4081897735595703,-0.05778259411454201,0.7344487309455872,0.4517950117588043,-0.06716550141572952,0.6784096360206604,0.4598041772842407,-0.08491870760917664,0.6541769504547119,0.4748534560203552,-0.09058753401041031,0.6352353096008301,0.4844376742839813,-0.09413422644138336,0.8276785612106323,0.5174360871315002,-6.684438176307594e-07,0.8120940923690796,0.40049004554748535,0.027860403060913086,0.7682323455810547,0.33368149399757385,0.03042019158601761,0.7195442318916321,0.3114328384399414,0.030325938016176224,0.686981737613678,0.3281311094760895,0.03003966063261032,0.750985860824585,0.2646726071834564,-0.03416711464524269,0.6650556921958923,0.27396485209465027,-0.03057369403541088,0.6692277193069458,0.31709176301956177,-0.010322865098714828,0.6844552159309387,0.33114662766456604,0.0015309014124795794,0.7442571520805359,0.3168427646160126,-0.052263401448726654,0.6528481245040894,0.3288138806819916,-0.052786074578762054,0.6640304327011108,0.37181076407432556,-0.03143767639994621,0.6854969263076782,0.38441216945648193,-0.020304255187511444,0.7365087270736694,0.384088933467865,-0.06447666138410568,0.6512923240661621,0.37777259945869446,-0.06414055079221725,0.665101170539856,0.4126726984977722,-0.04712967574596405,0.687054455280304,0.4257695972919464,-0.04175316169857979,0.732170820236206,0.4513792395591736,-0.07329822331666946,0.667831301689148,0.46605679392814636,-0.08780232071876526,0.6342927813529968,0.48713332414627075,-0.09355293959379196,0.6060470938682556,0.4999755322933197,-0.09926222264766693,J
0.8310773372650146,0.5142117142677307,-6.166235948512622e-07,0.817740797996521,0.4010196030139923,0.023845482617616653,0.7719511389732361,0.3328542113304138,0.02590138651430607,0.7224437594413757,0.31271663308143616,0.025409221649169922,0.6903523206710815,0.3334960341453552,0.024935072287917137,0.7561502456665039,0.2592185139656067,-0.02827288769185543,0.6693159937858582,0.2675214111804962,-0.028124263510107994,0.6745278239250183,0.31123390793800354,-0.013956514187157154,0.690668523311615,0.3236270844936371,-0.005860593635588884,0.7484005689620972,0.31180885434150696,-0.044663768261671066,0.6569048166275024,0.31922224164009094,-0.04755480960011482,0.6687732338905334,0.36321043968200684,-0.030960116535425186,0.6902294158935547,0.3751993179321289,-0.022281283512711525,0.7397630214691162,0.37972307205200195,-0.056240264326334,0.6549408435821533,0.366727739572525,-0.05924217402935028,0.6687094569206238,0.4050728380680084,-0.04584354907274246,0.6904718279838562,0.4196546673774719,-0.04118197038769722,0.7346320152282715,0.44898420572280884,-0.06473591178655624,0.6699168086051941,0.4559461772441864,-0.07974570989608765,0.6348188519477844,0.4740496873855591,-0.08578609675168991,0.6052916049957275,0.48439958691596985,-0.09099669009447098,0.0,0.0,0.0,0.0,0.0,0.0,0.0,0.0,0.0,0.0,0.0,0.0,0.0,0.0,0.0,0.0,0.0,0.0,0.0,0.0,0.0,0.0,0.0,0.0,0.0,0.0,0.0,0.0,0.0,0.0,0.0,0.0,0.0,0.0,0.0,0.0,0.0,0.0,0.0,0.0,0.0,0.0,0.0,0.0,0.0,0.0,0.0,0.0,0.0,0.0,0.0,0.0,0.0,0.0,0.0,0.0,0.0,0.0,0.0,0.0,0.0,0.0,0.0,J
0.8297553658485413,0.5156964063644409,-6.392019713530317e-07,0.8182622790336609,0.401559442281723,0.026409471407532692,0.7749854326248169,0.3333560824394226,0.030379893258213997,0.7272303104400635,0.3122733235359192,0.03184777870774269,0.6964901685714722,0.3340183198451996,0.0332455076277256,0.7577037215232849,0.26068025827407837,-0.028185663744807243,0.6719547510147095,0.2638639211654663,-0.027368836104869843,0.6771668195724487,0.30615490674972534,-0.012145942077040672,0.6933973431587219,0.3190661072731018,-0.0033693304285407066,0.7493530511856079,0.3141774833202362,-0.044542647898197174,0.6583864688873291,0.31625062227249146,-0.04621976241469383,0.6694508790969849,0.36083438992500305,-0.028036916628479958,0.6900823712348938,0.3722817599773407,-0.01867944374680519,0.739896833896637,0.38166818022727966,-0.055835094302892685,0.6549522876739502,0.3627201020717621,-0.05767928808927536,0.6684318780899048,0.4023355543613434,-0.04329727217555046,0.6906301975250244,0.41719281673431396,-0.03844320401549339,0.7340375781059265,0.4494696855545044,-0.06377601623535156,0.6703038215637207,0.4517810642719269,-0.07999574393033981,0.6352550387382507,0.4677942395210266,-0.08730289340019226,0.6063464283943176,0.4759215712547302,-0.09338849037885666,0.0,0.0,0.0,0.0,0.0,0.0,0.0,0.0,0.0,0.0,0.0,0.0,0.0,0.0,0.0,0.0,0.0,0.0,0.0,0.0,0.0,0.0,0.0,0.0,0.0,0.0,0.0,0.0,0.0,0.0,0.0,0.0,0.0,0.0,0.0,0.0,0.0,0.0,0.0,0.0,0.0,0.0,0.0,0.0,0.0,0.0,0.0,0.0,0.0,0.0,0.0,0.0,0.0,0.0,0.0,0.0,0.0,0.0,0.0,0.0,0.0,0.0,0.0,J
0.829471230506897,0.5179154872894287,-6.033603767718887e-07,0.8202665448188782,0.40587306022644043,0.02253561094403267,0.7769505381584167,0.3336884379386902,0.02542841248214245,0.7291519641876221,0.30996549129486084,0.02573408931493759,0.6980088353157043,0.33006706833839417,0.02612368017435074,0.759328305721283,0.25910720229148865,-0.022809473797678947,0.6744863986968994,0.2607908248901367,-0.024532828480005264,0.6794126033782959,0.303034245967865,-0.01416458934545517,0.6961453557014465,0.316785991191864,-0.008220268413424492,0.7493187189102173,0.3110174834728241,-0.037598274648189545,0.6606814861297607,0.3122604191303253,-0.04086543619632721,0.6717038750648499,0.35680946707725525,-0.027246689423918724,0.6920231580734253,0.37011319398880005,-0.020378749817609787,0.7388545274734497,0.37717151641845703,-0.04821762815117836,0.6558833122253418,0.3591533303260803,-0.05192156508564949,0.669775128364563,0.3986649513244629,-0.04087067022919655,0.6919492483139038,0.41472309827804565,-0.03713051974773407,0.7321516275405884,0.445355623960495,-0.055886849761009216,0.6680887937545776,0.4472227394580841,-0.07028182595968246,0.632722795009613,0.46220314502716064,-0.07677285373210907,0.6031267046928406,0.4693957269191742,-0.08206766843795776,0.0,0.0,0.0,0.0,0.0,0.0,0.0,0.0,0.0,0.0,0.0,0.0,0.0,0.0,0.0,0.0,0.0,0.0,0.0,0.0,0.0,0.0,0.0,0.0,0.0,0.0,0.0,0.0,0.0,0.0,0.0,0.0,0.0,0.0,0.0,0.0,0.0,0.0,0.0,0.0,0.0,0.0,0.0,0.0,0.0,0.0,0.0,0.0,0.0,0.0,0.0,0.0,0.0,0.0,0.0,0.0,0.0,0.0,0.0,0.0,0.0,0.0,0.0,J
0.8310840725898743,0.5228427648544312,-6.058876351744402e-07,0.8246604204177856,0.4122587740421295,0.021142765879631042,0.7820091843605042,0.3348503112792969,0.024346783757209778,0.7341568470001221,0.30985206365585327,0.025339912623167038,0.7019736170768738,0.32855409383773804,0.027061771601438522,0.7637366652488708,0.255606472492218,-0.02107822336256504,0.679320216178894,0.25677889585494995,-0.0225319042801857,0.6853624582290649,0.2994460463523865,-0.01196906715631485,0.7030670046806335,0.31409481167793274,-0.005749483592808247,0.7519611120223999,0.3070985972881317,-0.03495180234313011,0.6640288233757019,0.30552855134010315,-0.03902139887213707,0.6765037775039673,0.3490462601184845,-0.026537636294960976,0.6978050470352173,0.3629181981086731,-0.02001994475722313,0.7397194504737854,0.3724461495876312,-0.04486747086048126,0.656289279460907,0.34677252173423767,-0.05039401724934578,0.6713317036628723,0.3867006003856659,-0.04084613919258118,0.6943798065185547,0.40354272723197937,-0.03736630082130432,0.7313656806945801,0.43979907035827637,-0.05177493765950203,0.66823810338974,0.439586341381073,-0.06736718863248825,0.6323457360267639,0.4527577757835388,-0.07496862858533859,0.6014049053192139,0.4575667083263397,-0.0806923508644104,0.0,0.0,0.0,0.0,0.0,0.0,0.0,0.0,0.0,0.0,0.0,0.0,0.0,0.0,0.0,0.0,0.0,0.0,0.0,0.0,0.0,0.0,0.0,0.0,0.0,0.0,0.0,0.0,0.0,0.0,0.0,0.0,0.0,0.0,0.0,0.0,0.0,0.0,0.0,0.0,0.0,0.0,0.0,0.0,0.0,0.0,0.0,0.0,0.0,0.0,0.0,0.0,0.0,0.0,0.0,0.0,0.0,0.0,0.0,0.0,0.0,0.0,0.0,J
0.8326480388641357,0.5269509553909302,-6.053119818716368e-07,0.8276833891868591,0.4168483018875122,0.01984727568924427,0.7861409783363342,0.33709466457366943,0.0223577581346035,0.7391533851623535,0.30893588066101074,0.022662248462438583,0.7066755294799805,0.32523301243782043,0.02385869435966015,0.7684776186943054,0.2544899582862854,-0.019534960389137268,0.684043824672699,0.2527513802051544,-0.022361934185028076,0.6907531023025513,0.2956642210483551,-0.013792037032544613,0.7097065448760986,0.3114388883113861,-0.008584026247262955,0.7559996247291565,0.30522745847702026,-0.03296604007482529,0.6688255667686462,0.3015228509902954,-0.038097843527793884,0.6815173625946045,0.3444473147392273,-0.02753043919801712,0.7029901146888733,0.3596065044403076,-0.022131776437163353,0.7429296970367432,0.3701665699481964,-0.042798373848199844,0.660102367401123,0.341043084859848,-0.04984235391020775,0.6756985187530518,0.37854132056236267,-0.041840288788080215,0.6992226839065552,0.39480409026145935,-0.03887889161705971,0.7338409423828125,0.43795672059059143,-0.04965263605117798,0.6694610118865967,0.4331958591938019,-0.0650867149233818,0.6327350735664368,0.4428996443748474,-0.07244579493999481,0.6009839773178101,0.4457383453845978,-0.07792834937572479,0.0,0.0,0.0,0.0,0.0,0.0,0.0,0.0,0.0,0.0,0.0,0.0,0.0,0.0,0.0,0.0,0.0,0.0,0.0,0.0,0.0,0.0,0.0,0.0,0.0,0.0,0.0,0.0,0.0,0.0,0.0,0.0,0.0,0.0,0.0,0.0,0.0,0.0,0.0,0.0,0.0,0.0,0.0,0.0,0.0,0.0,0.0,0.0,0.0,0.0,0.0,0.0,0.0,0.0,0.0,0.0,0.0,0.0,0.0,0.0,0.0,0.0,0.0,J
0.8301237225532532,0.5327662825584412,-5.719098794543243e-07,0.8270173072814941,0.4207693040370941,0.01975763961672783,0.7865022420883179,0.3392906188964844,0.02222507819533348,0.7409065961837769,0.30899831652641296,0.02193991094827652,0.7090292572975159,0.3230539560317993,0.02226116508245468,0.769361674785614,0.25970223546028137,-0.016068102791905403,0.6870375871658325,0.253254771232605,-0.018374500796198845,0.6916321516036987,0.2945369780063629,-0.010491819120943546,0.7088342905044556,0.3094920814037323,-0.005859989207237959,0.7543007135391235,0.3100031316280365,-0.029577674344182014,0.6705827713012695,0.30167633295059204,-0.03397089242935181,0.6820104122161865,0.3452088534832001,-0.023595042526721954,0.7021475434303284,0.3609139025211334,-0.018205687403678894,0.739547073841095,0.3739325702190399,-0.03968357667326927,0.6595850586891174,0.34207671880722046,-0.045670296996831894,0.6736029386520386,0.3830905854701996,-0.037305936217308044,0.6953721046447754,0.40231356024742126,-0.03397045284509659,0.7295234799385071,0.4412101209163666,-0.04705912247300148,0.6668944358825684,0.433679461479187,-0.060797058045864105,0.6308781504631042,0.4415949583053589,-0.06706725805997849,0.599791944026947,0.4427487552165985,-0.07174292206764221,0.0,0.0,0.0,0.0,0.0,0.0,0.0,0.0,0.0,0.0,0.0,0.0,0.0,0.0,0.0,0.0,0.0,0.0,0.0,0.0,0.0,0.0,0.0,0.0,0.0,0.0,0.0,0.0,0.0,0.0,0.0,0.0,0.0,0.0,0.0,0.0,0.0,0.0,0.0,0.0,0.0,0.0,0.0,0.0,0.0,0.0,0.0,0.0,0.0,0.0,0.0,0.0,0.0,0.0,0.0,0.0,0.0,0.0,0.0,0.0,0.0,0.0,0.0,J
0.8288314938545227,0.5410932898521423,-5.98684266606142e-07,0.8259211182594299,0.42879563570022583,0.022733235731720924,0.7853379845619202,0.34650203585624695,0.027127090841531754,0.7399011254310608,0.3132622539997101,0.02860965020954609,0.7079357504844666,0.3259768486022949,0.03064896911382675,0.7698535919189453,0.2654128670692444,-0.0134165333583951,0.6873314380645752,0.25747719407081604,-0.014295279048383236,0.6920598149299622,0.2986665964126587,-0.0058786277659237385,0.7094600796699524,0.31379663944244385,-0.0009296105708926916,0.7543105483055115,0.31516048312187195,-0.027255872264504433,0.670635461807251,0.3050767481327057,-0.028978319838643074,0.6815170049667358,0.34896397590637207,-0.017687184736132622,0.7012431621551514,0.3647947609424591,-0.012305563315749168,0.7385867834091187,0.37829655408859253,-0.037376828491687775,0.6590209007263184,0.34413930773735046,-0.04045254364609718,0.672932505607605,0.3850676119327545,-0.03145480155944824,0.6948580145835876,0.4043232798576355,-0.02861751988530159,0.7272545099258423,0.44555041193962097,-0.04454432800412178,0.6648083925247192,0.43530917167663574,-0.05629928410053253,0.6288098692893982,0.44093987345695496,-0.062156159430742264,0.5977604985237122,0.43942734599113464,-0.06698676198720932,0.0,0.0,0.0,0.0,0.0,0.0,0.0,0.0,0.0,0.0,0.0,0.0,0.0,0.0,0.0,0.0,0.0,0.0,0.0,0.0,0.0,0.0,0.0,0.0,0.0,0.0,0.0,0.0,0.0,0.0,0.0,0.0,0.0,0.0,0.0,0.0,0.0,0.0,0.0,0.0,0.0,0.0,0.0,0.0,0.0,0.0,0.0,0.0,0.0,0.0,0.0,0.0,0.0,0.0,0.0,0.0,0.0,0.0,0.0,0.0,0.0,0.0,0.0,J
0.8268010020256042,0.5494375228881836,-6.433418775486643e-07,0.8257893323898315,0.437963604927063,0.023943055421113968,0.7869536280632019,0.35391172766685486,0.029619738459587097,0.7403571009635925,0.319940447807312,0.03262558951973915,0.7068737745285034,0.33257028460502625,0.03631831333041191,0.7726895213127136,0.27242934703826904,-0.015533681027591228,0.6897327303886414,0.2594756782054901,-0.01510193943977356,0.6943575143814087,0.30296799540519714,-0.004002833738923073,0.7122128009796143,0.3214421272277832,0.0027038417756557465,0.7571450471878052,0.32201123237609863,-0.029329126700758934,0.6724806427955627,0.30758431553840637,-0.030615786090493202,0.6827782988548279,0.3517611026763916,-0.01765197142958641,0.702602744102478,0.3670831322669983,-0.011387733742594719,0.7408863306045532,0.3849818706512451,-0.03907011076807976,0.6606675982475281,0.344972163438797,-0.042348481714725494,0.6739609837532043,0.3854905366897583,-0.03254224732518196,0.6961013674736023,0.40389543771743774,-0.029378050938248634,0.7281187772750854,0.45137688517570496,-0.04554193839430809,0.6652721762657166,0.4336072504520416,-0.05963616818189621,0.6283729076385498,0.43577665090560913,-0.06694111973047256,0.5971570611000061,0.4320090115070343,-0.07266442477703094,0.0,0.0,0.0,0.0,0.0,0.0,0.0,0.0,0.0,0.0,0.0,0.0,0.0,0.0,0.0,0.0,0.0,0.0,0.0,0.0,0.0,0.0,0.0,0.0,0.0,0.0,0.0,0.0,0.0,0.0,0.0,0.0,0.0,0.0,0.0,0.0,0.0,0.0,0.0,0.0,0.0,0.0,0.0,0.0,0.0,0.0,0.0,0.0,0.0,0.0,0.0,0.0,0.0,0.0,0.0,0.0,0.0,0.0,0.0,0.0,0.0,0.0,0.0,J
0.8276071548461914,0.5592927932739258,-6.74120485655294e-07,0.8298730850219727,0.44666245579719543,0.027304140850901604,0.7932465076446533,0.3609706461429596,0.03540764003992081,0.7470459342002869,0.3249053657054901,0.04025741666555405,0.7132554650306702,0.3361108899116516,0.0453568659722805,0.7790976762771606,0.2762332260608673,-0.01082394365221262,0.6957675218582153,0.2572699189186096,-0.008057267405092716,0.6987025737762451,0.30234792828559875,0.004208499565720558,0.7155967950820923,0.32329219579696655,0.011703914031386375,0.7616040706634521,0.32485082745552063,-0.025346502661705017,0.6779688596725464,0.3060355484485626,-0.024268032982945442,0.6869544386863708,0.3504959046840668,-0.011113372631371021,0.7058894634246826,0.36835789680480957,-0.00499976659193635,0.7436119914054871,0.3862709701061249,-0.03539213538169861,0.6649338603019714,0.3431154191493988,-0.03598827123641968,0.6769201755523682,0.3837425410747528,-0.025599023327231407,0.6972784399986267,0.40384629368782043,-0.022490782663226128,0.7288712859153748,0.45202431082725525,-0.04191140457987785,0.6645387411117554,0.42479050159454346,-0.05323651060461998,0.6293465495109558,0.4221136271953583,-0.05866222828626633,0.5996339917182922,0.4137796461582184,-0.06329599767923355,0.0,0.0,0.0,0.0,0.0,0.0,0.0,0.0,0.0,0.0,0.0,0.0,0.0,0.0,0.0,0.0,0.0,0.0,0.0,0.0,0.0,0.0,0.0,0.0,0.0,0.0,0.0,0.0,0.0,0.0,0.0,0.0,0.0,0.0,0.0,0.0,0.0,0.0,0.0,0.0,0.0,0.0,0.0,0.0,0.0,0.0,0.0,0.0,0.0,0.0,0.0,0.0,0.0,0.0,0.0,0.0,0.0,0.0,0.0,0.0,0.0,0.0,0.0,J
0.8246496915817261,0.5626663565635681,-6.300939503489644e-07,0.8274050354957581,0.45015037059783936,0.02312374673783779,0.7934959530830383,0.36231350898742676,0.028191786259412766,0.7477195858955383,0.3262753188610077,0.030202625319361687,0.7137622833251953,0.3362199664115906,0.03259936347603798,0.7825307846069336,0.2802649736404419,-0.013058090582489967,0.6981558203697205,0.2557370662689209,-0.013107492588460445,0.6982892155647278,0.3022818863391876,-0.002976887160912156,0.7148038148880005,0.3257637619972229,0.003790527582168579,0.7628543376922607,0.328087717294693,-0.026428071781992912,0.6793452501296997,0.3033941686153412,-0.028272612020373344,0.6854438781738281,0.34944644570350647,-0.017017489299178123,0.7040941119194031,0.36915433406829834,-0.01130244042724371,0.7432173490524292,0.3876296579837799,-0.03579443320631981,0.6651853919029236,0.33846768736839294,-0.038345593959093094,0.6741587519645691,0.38088536262512207,-0.028487440198659897,0.6937621235847473,0.4026098847389221,-0.0246720053255558,0.7272741198539734,0.4512592554092407,-0.04208006709814072,0.6640767455101013,0.4187809228897095,-0.05239459127187729,0.6288148164749146,0.41099998354911804,-0.05656416341662407,0.6000480651855469,0.39768898487091064,-0.05995812267065048,0.0,0.0,0.0,0.0,0.0,0.0,0.0,0.0,0.0,0.0,0.0,0.0,0.0,0.0,0.0,0.0,0.0,0.0,0.0,0.0,0.0,0.0,0.0,0.0,0.0,0.0,0.0,0.0,0.0,0.0,0.0,0.0,0.0,0.0,0.0,0.0,0.0,0.0,0.0,0.0,0.0,0.0,0.0,0.0,0.0,0.0,0.0,0.0,0.0,0.0,0.0,0.0,0.0,0.0,0.0,0.0,0.0,0.0,0.0,0.0,0.0,0.0,0.0,J
0.8215786218643188,0.5712332129478455,-6.082452728151111e-07,0.824690043926239,0.458141565322876,0.022087326273322105,0.7891955971717834,0.3663730025291443,0.02658022753894329,0.7429826259613037,0.3271481692790985,0.027840057387948036,0.707449734210968,0.3340878188610077,0.02941622957587242,0.782546877861023,0.2868698239326477,-0.011934665031731129,0.697393000125885,0.2561858892440796,-0.013986359350383282,0.6960721015930176,0.3014683425426483,-0.005866528023034334,0.7122548818588257,0.32530146837234497,-0.00013455632142722607,0.7619022130966187,0.3333489000797272,-0.02549520507454872,0.6779950857162476,0.3037929832935333,-0.028674067929387093,0.6830539107322693,0.34865593910217285,-0.018252231180667877,0.7012944221496582,0.3689683973789215,-0.012763792648911476,0.7409380674362183,0.3923424482345581,-0.035554517060518265,0.6622719764709473,0.3388051986694336,-0.039677608758211136,0.6699729561805725,0.38194334506988525,-0.030260777100920677,0.6884650588035583,0.4051288366317749,-0.026134276762604713,0.723902702331543,0.4563372731208801,-0.042675506323575974,0.6613514423370361,0.41920265555381775,-0.053801972419023514,0.6259356737136841,0.4099595248699188,-0.05793735384941101,0.5969271063804626,0.3966106176376343,-0.06097816675901413,0.0,0.0,0.0,0.0,0.0,0.0,0.0,0.0,0.0,0.0,0.0,0.0,0.0,0.0,0.0,0.0,0.0,0.0,0.0,0.0,0.0,0.0,0.0,0.0,0.0,0.0,0.0,0.0,0.0,0.0,0.0,0.0,0.0,0.0,0.0,0.0,0.0,0.0,0.0,0.0,0.0,0.0,0.0,0.0,0.0,0.0,0.0,0.0,0.0,0.0,0.0,0.0,0.0,0.0,0.0,0.0,0.0,0.0,0.0,0.0,0.0,0.0,0.0,J
0.8205384016036987,0.5797582268714905,-6.165536206026445e-07,0.8245960474014282,0.4668129086494446,0.023827524855732918,0.7884660959243774,0.37470462918281555,0.02962806448340416,0.7413462996482849,0.335548460483551,0.032064225524663925,0.7051559686660767,0.34382855892181396,0.034787025302648544,0.7809047102928162,0.29293033480644226,-0.00979689136147499,0.6971675157546997,0.25981783866882324,-0.010477473959326744,0.6970739960670471,0.304557204246521,-0.0021429278422147036,0.7134108543395996,0.32789671421051025,0.003366190241649747,0.7590058445930481,0.33890360593795776,-0.023556891828775406,0.6760208010673523,0.30594778060913086,-0.02505919709801674,0.6815060377120972,0.3510841131210327,-0.014253661967813969,0.6998218894004822,0.37279510498046875,-0.008841336704790592,0.7369930744171143,0.3976267874240875,-0.03361734747886658,0.6597976684570312,0.33951523900032043,-0.036303870379924774,0.6680058836936951,0.3830047845840454,-0.0269391518086195,0.6867973804473877,0.40784719586372375,-0.023252714425325394,0.7194390296936035,0.4612421691417694,-0.040593814104795456,0.6583758592605591,0.4214392602443695,-0.05143004283308983,0.6228035688400269,0.41169169545173645,-0.05601703003048897,0.5932433605194092,0.39900583028793335,-0.05955338850617409,0.0,0.0,0.0,0.0,0.0,0.0,0.0,0.0,0.0,0.0,0.0,0.0,0.0,0.0,0.0,0.0,0.0,0.0,0.0,0.0,0.0,0.0,0.0,0.0,0.0,0.0,0.0,0.0,0.0,0.0,0.0,0.0,0.0,0.0,0.0,0.0,0.0,0.0,0.0,0.0,0.0,0.0,0.0,0.0,0.0,0.0,0.0,0.0,0.0,0.0,0.0,0.0,0.0,0.0,0.0,0.0,0.0,0.0,0.0,0.0,0.0,0.0,0.0,J
0.8195741772651672,0.5869415402412415,-6.398835807885916e-07,0.8233127593994141,0.4705370366573334,0.026642311364412308,0.7883431911468506,0.3782363533973694,0.03321779891848564,0.7411394119262695,0.33669060468673706,0.03638831526041031,0.7047517895698547,0.3439823091030121,0.03964373469352722,0.7808319926261902,0.29860323667526245,-0.011942178010940552,0.6944032311439514,0.26457396149635315,-0.010384040884673595,0.6922239065170288,0.3086101710796356,0.0012826637830585241,0.7073800563812256,0.3336956202983856,0.008996060118079185,0.758010745048523,0.34569859504699707,-0.026573091745376587,0.6736615300178528,0.3117237985134125,-0.025791281834244728,0.6787959337234497,0.3570539653301239,-0.012388335540890694,0.6972340941429138,0.37861472368240356,-0.005791323725134134,0.7352782487869263,0.40469178557395935,-0.03680204600095749,0.6574738621711731,0.3458095192909241,-0.036740344017744064,0.6660517454147339,0.3898299038410187,-0.02527635172009468,0.6852553486824036,0.41409292817115784,-0.02137485146522522,0.7167399525642395,0.4686514437198639,-0.043675754219293594,0.6550674438476562,0.4271945357322693,-0.05365052446722984,0.6198102235794067,0.4181312322616577,-0.05761296674609184,0.5903581380844116,0.40472498536109924,-0.06110181286931038,0.0,0.0,0.0,0.0,0.0,0.0,0.0,0.0,0.0,0.0,0.0,0.0,0.0,0.0,0.0,0.0,0.0,0.0,0.0,0.0,0.0,0.0,0.0,0.0,0.0,0.0,0.0,0.0,0.0,0.0,0.0,0.0,0.0,0.0,0.0,0.0,0.0,0.0,0.0,0.0,0.0,0.0,0.0,0.0,0.0,0.0,0.0,0.0,0.0,0.0,0.0,0.0,0.0,0.0,0.0,0.0,0.0,0.0,0.0,0.0,0.0,0.0,0.0,J
0.8210214376449585,0.5906109809875488,-6.305325541688944e-07,0.823657214641571,0.47397637367248535,0.025546355172991753,0.7878701686859131,0.38244643807411194,0.03071662411093712,0.7408192753791809,0.34210750460624695,0.03257022798061371,0.7044625282287598,0.34904396533966064,0.034583140164613724,0.7806962728500366,0.30114907026290894,-0.014900813810527325,0.6948675513267517,0.26798292994499207,-0.013415878638625145,0.6936432123184204,0.3116306662559509,-0.0012252115411683917,0.7083730697631836,0.33490538597106934,0.006474267225712538,0.7592102289199829,0.3488188683986664,-0.029659336432814598,0.6747016310691833,0.31670263409614563,-0.02928026393055916,0.6800838708877563,0.3619106709957123,-0.015157913789153099,0.6979217529296875,0.3819912374019623,-0.00835086777806282,0.7370400428771973,0.4096637964248657,-0.03999790549278259,0.6587557196617126,0.35475754737854004,-0.04026954248547554,0.6671990752220154,0.398373544216156,-0.02838507480919361,0.6859927177429199,0.42238661646842957,-0.024455923587083817,0.7183218598365784,0.4751962721347809,-0.04715052992105484,0.6566644906997681,0.4372878670692444,-0.05819014832377434,0.6204140186309814,0.4277121424674988,-0.06296008825302124,0.5900338292121887,0.4143140912055969,-0.06711552292108536,0.0,0.0,0.0,0.0,0.0,0.0,0.0,0.0,0.0,0.0,0.0,0.0,0.0,0.0,0.0,0.0,0.0,0.0,0.0,0.0,0.0,0.0,0.0,0.0,0.0,0.0,0.0,0.0,0.0,0.0,0.0,0.0,0.0,0.0,0.0,0.0,0.0,0.0,0.0,0.0,0.0,0.0,0.0,0.0,0.0,0.0,0.0,0.0,0.0,0.0,0.0,0.0,0.0,0.0,0.0,0.0,0.0,0.0,0.0,0.0,0.0,0.0,0.0,J
0.8219723701477051,0.5923275351524353,-6.072867790862801e-07,0.823632001876831,0.47408348321914673,0.024959733709692955,0.7877271771430969,0.3848143219947815,0.029042530804872513,0.7423087954521179,0.3457885682582855,0.029884381219744682,0.7078099846839905,0.35375186800956726,0.030940603464841843,0.78082275390625,0.3041166067123413,-0.016726873815059662,0.6943979263305664,0.2733781933784485,-0.01619679667055607,0.6955738663673401,0.3176388740539551,-0.00519427377730608,0.7119359970092773,0.3403000235557556,0.0017286267830058932,0.7587985992431641,0.35256245732307434,-0.03135150298476219,0.6753267645835876,0.3216237723827362,-0.030939733609557152,0.6823922991752625,0.367639422416687,-0.01770990528166294,0.7007924318313599,0.38700446486473083,-0.011840714141726494,0.7362093329429626,0.4135792553424835,-0.041507042944431305,0.6584164500236511,0.35873687267303467,-0.041759174317121506,0.668794572353363,0.40317994356155396,-0.03068365715444088,0.6889103055000305,0.42717984318733215,-0.027642739936709404,0.7175742387771606,0.47933775186538696,-0.04846232756972313,0.6544637680053711,0.44738027453422546,-0.058575328439474106,0.6182886958122253,0.44386348128318787,-0.06266732513904572,0.5875083208084106,0.43450820446014404,-0.06662839651107788,0.0,0.0,0.0,0.0,0.0,0.0,0.0,0.0,0.0,0.0,0.0,0.0,0.0,0.0,0.0,0.0,0.0,0.0,0.0,0.0,0.0,0.0,0.0,0.0,0.0,0.0,0.0,0.0,0.0,0.0,0.0,0.0,0.0,0.0,0.0,0.0,0.0,0.0,0.0,0.0,0.0,0.0,0.0,0.0,0.0,0.0,0.0,0.0,0.0,0.0,0.0,0.0,0.0,0.0,0.0,0.0,0.0,0.0,0.0,0.0,0.0,0.0,0.0,J
0.8212023973464966,0.5937296748161316,-5.353702476895705e-07,0.8195641040802002,0.47560635209083557,0.018609702587127686,0.777911901473999,0.38988423347473145,0.01944606937468052,0.7263163328170776,0.3579385578632355,0.017760805785655975,0.6881035566329956,0.37187087535858154,0.016241373494267464,0.7738887071609497,0.31132370233535767,-0.017851024866104126,0.6894453167915344,0.2786886990070343,-0.02037789300084114,0.6896452307701111,0.32194700837135315,-0.013605866581201553,0.7051892280578613,0.34721705317497253,-0.009451165795326233,0.7510671019554138,0.363374263048172,-0.03016713075339794,0.6694135665893555,0.33551687002182007,-0.032423533499240875,0.6775897741317749,0.37928617000579834,-0.0231500081717968,0.6963149905204773,0.4005579352378845,-0.019430244341492653,0.7294650077819824,0.4268903434276581,-0.038893923163414,0.6552217602729797,0.37300705909729004,-0.04274747148156166,0.6666680574417114,0.4131324589252472,-0.0357305146753788,0.6862618923187256,0.43793874979019165,-0.034308623522520065,0.713518500328064,0.4938455820083618,-0.04476568475365639,0.6525493264198303,0.4681161046028137,-0.055975522845983505,0.6171129941940308,0.47021597623825073,-0.06080220267176628,0.5860338807106018,0.46880170702934265,-0.06499816477298737,0.0,0.0,0.0,0.0,0.0,0.0,0.0,0.0,0.0,0.0,0.0,0.0,0.0,0.0,0.0,0.0,0.0,0.0,0.0,0.0,0.0,0.0,0.0,0.0,0.0,0.0,0.0,0.0,0.0,0.0,0.0,0.0,0.0,0.0,0.0,0.0,0.0,0.0,0.0,0.0,0.0,0.0,0.0,0.0,0.0,0.0,0.0,0.0,0.0,0.0,0.0,0.0,0.0,0.0,0.0,0.0,0.0,0.0,0.0,0.0,0.0,0.0,0.0,J
0.8200365304946899,0.5933703780174255,-5.439727601697086e-07,0.8160842657089233,0.4732625484466553,0.021745814010500908,0.7729225754737854,0.39075416326522827,0.02443080209195614,0.722731351852417,0.35983413457870483,0.024499304592609406,0.6861281394958496,0.37462538480758667,0.024696778506040573,0.763053297996521,0.3134702146053314,-0.016838543117046356,0.6788221001625061,0.2898370027542114,-0.016609707847237587,0.6823952198028564,0.3310026228427887,-0.007555087562650442,0.6992203593254089,0.35257527232170105,-0.002308659488335252,0.7414461374282837,0.36932674050331116,-0.02983861044049263,0.6596128940582275,0.3482602536678314,-0.030296480283141136,0.6711348295211792,0.38881978392601013,-0.01969936117529869,0.691493809223175,0.40735292434692383,-0.015415070578455925,0.721731960773468,0.4357307255268097,-0.038737837225198746,0.6463672518730164,0.38619327545166016,-0.0412636362016201,0.6603239178657532,0.42091435194015503,-0.034161392599344254,0.6812801361083984,0.4406680166721344,-0.03320370987057686,0.7084439992904663,0.5041908621788025,-0.04440196603536606,0.6472135186195374,0.484285444021225,-0.055379193276166916,0.6117848753929138,0.4909158945083618,-0.06062326952815056,0.57982337474823,0.49363788962364197,-0.06543905287981033,0.0,0.0,0.0,0.0,0.0,0.0,0.0,0.0,0.0,0.0,0.0,0.0,0.0,0.0,0.0,0.0,0.0,0.0,0.0,0.0,0.0,0.0,0.0,0.0,0.0,0.0,0.0,0.0,0.0,0.0,0.0,0.0,0.0,0.0,0.0,0.0,0.0,0.0,0.0,0.0,0.0,0.0,0.0,0.0,0.0,0.0,0.0,0.0,0.0,0.0,0.0,0.0,0.0,0.0,0.0,0.0,0.0,0.0,0.0,0.0,0.0,0.0,0.0,J
0.8184478282928467,0.5883251428604126,-5.536209641832102e-07,0.8137816786766052,0.4697626829147339,0.02333618514239788,0.7713644504547119,0.39090317487716675,0.02542795054614544,0.7206722497940063,0.35896381735801697,0.025322066619992256,0.6843892335891724,0.37237104773521423,0.025264155119657516,0.7606154084205627,0.3164750635623932,-0.025148168206214905,0.6743853688240051,0.29473283886909485,-0.02467307820916176,0.679545521736145,0.3338814675807953,-0.013770541176199913,0.6972718834877014,0.3532428741455078,-0.007388823200017214,0.7406148314476013,0.37486839294433594,-0.03853835165500641,0.657517671585083,0.3508301079273224,-0.03853335976600647,0.6687800288200378,0.3892669975757599,-0.02598085068166256,0.6895115375518799,0.40478119254112244,-0.02092914655804634,0.7217310070991516,0.4422849416732788,-0.0468098521232605,0.6441857218742371,0.3939513862133026,-0.047067683190107346,0.6576815247535706,0.4273073673248291,-0.037484899163246155,0.6798304915428162,0.4450674057006836,-0.03593101724982262,0.707909345626831,0.5092029571533203,-0.05167336016893387,0.6455618739128113,0.49289780855178833,-0.06175195798277855,0.6098652482032776,0.5010066628456116,-0.06651701033115387,0.5793478488922119,0.5039563179016113,-0.07135532796382904,0.0,0.0,0.0,0.0,0.0,0.0,0.0,0.0,0.0,0.0,0.0,0.0,0.0,0.0,0.0,0.0,0.0,0.0,0.0,0.0,0.0,0.0,0.0,0.0,0.0,0.0,0.0,0.0,0.0,0.0,0.0,0.0,0.0,0.0,0.0,0.0,0.0,0.0,0.0,0.0,0.0,0.0,0.0,0.0,0.0,0.0,0.0,0.0,0.0,0.0,0.0,0.0,0.0,0.0,0.0,0.0,0.0,0.0,0.0,0.0,0.0,0.0,0.0,J
