0.6320597529411316,0.7440848350524902,-4.063128642428637e-07,0.6373115181922913,0.6422284841537476,0.0016144454712048173,0.6572673320770264,0.5387614369392395,-0.008245834149420261,0.6624664068222046,0.4593324661254883,-0.025205019861459732,0.6643832325935364,0.3916809558868408,-0.042038749903440475,0.7481338977813721,0.5800480246543884,0.0021366283763200045,0.8049480319023132,0.5301445126533508,-0.02573961205780506,0.817898154258728,0.4727933704853058,-0.039394620805978775,0.8164495229721069,0.41981059312820435,-0.04606020823121071,0.7565333843231201,0.6272881627082825,-0.01397728081792593,0.7456022500991821,0.5316099524497986,-0.046083979308605194,0.6981403827667236,0.5712076425552368,-0.04488854482769966,0.6937907338142395,0.6139227151870728,-0.037312328815460205,0.7588077187538147,0.6778597831726074,-0.034043971449136734,0.7388059496879578,0.5882082581520081,-0.06195633485913277,0.6964969635009766,0.6307762265205383,-0.0434761680662632,0.6994636654853821,0.6668650507926941,-0.02585005573928356,0.7562991976737976,0.7329121828079224,-0.055180471390485764,0.7450977563858032,0.6517025232315063,-0.0678023025393486,0.7128465175628662,0.6734451651573181,-0.05131898447871208,0.7130379676818848,0.7073017954826355,-0.036351773887872696,0.0,0.0,0.0,0.0,0.0,0.0,0.0,0.0,0.0,0.0,0.0,0.0,0.0,0.0,0.0,0.0,0.0,0.0,0.0,0.0,0.0,0.0,0.0,0.0,0.0,0.0,0.0,0.0,0.0,0.0,0.0,0.0,0.0,0.0,0.0,0.0,0.0,0.0,0.0,0.0,0.0,0.0,0.0,0.0,0.0,0.0,0.0,0.0,0.0,0.0,0.0,0.0,0.0,0.0,0.0,0.0,0.0,0.0,0.0,0.0,0.0,0.0,0.0,U
0.632001519203186,0.7428246736526489,-4.0570694181951694e-07,0.6371051669120789,0.6424238681793213,0.0011271779658272862,0.6571528315544128,0.5394036769866943,-0.008722924627363682,0.6623439788818359,0.46045157313346863,-0.025406042113900185,0.6645590662956238,0.3935187757015228,-0.04187394678592682,0.7483408451080322,0.5792807340621948,0.0010307587217539549,0.8052376508712769,0.5298169255256653,-0.027206264436244965,0.8176687359809875,0.47236940264701843,-0.041390057653188705,0.8157004117965698,0.41991621255874634,-0.04840264096856117,0.756903350353241,0.6272115111351013,-0.014624114148318768,0.7446826696395874,0.5323594212532043,-0.04648764058947563,0.698087751865387,0.5721232891082764,-0.04556464031338692,0.6944896578788757,0.6149005889892578,-0.03849766403436661,0.7590183019638062,0.6780454516410828,-0.03421308472752571,0.7384518384933472,0.5891354084014893,-0.06167090684175491,0.6968824863433838,0.6309940218925476,-0.04330838844180107,0.7002651691436768,0.6665681600570679,-0.026024822145700455,0.7562187314033508,0.7329452037811279,-0.05495322123169899,0.744828462600708,0.6526951193809509,-0.06731931865215302,0.7128295302391052,0.6734194159507751,-0.050948288291692734,0.7129114270210266,0.7063117623329163,-0.03615077957510948,0.0,0.0,0.0,0.0,0.0,0.0,0.0,0.0,0.0,0.0,0.0,0.0,0.0,0.0,0.0,0.0,0.0,0.0,0.0,0.0,0.0,0.0,0.0,0.0,0.0,0.0,0.0,0.0,0.0,0.0,0.0,0.0,0.0,0.0,0.0,0.0,0.0,0.0,0.0,0.0,0.0,0.0,0.0,0.0,0.0,0.0,0.0,0.0,0.0,0.0,0.0,0.0,0.0,0.0,0.0,0.0,0.0,0.0,0.0,0.0,0.0,0.0,0.0,U
0.6316885948181152,0.7411028742790222,-4.074374828633154e-07,0.6369962692260742,0.6419225335121155,3.517314326018095e-05,0.6568291187286377,0.539682924747467,-0.010473397560417652,0.6616449356079102,0.45956674218177795,-0.02781393937766552,0.6636056900024414,0.3920559883117676,-0.04502866044640541,0.7467362284660339,0.580043375492096,0.00010682713764254004,0.8043886423110962,0.5285049676895142,-0.02881721779704094,0.8164995908737183,0.47152337431907654,-0.04314275085926056,0.8141278624534607,0.4191693067550659,-0.04996459186077118,0.7552383542060852,0.6287776827812195,-0.015252849087119102,0.7441511154174805,0.5353999137878418,-0.04847116023302078,0.6970313787460327,0.5752971768379211,-0.04803828150033951,0.6918507814407349,0.6166369915008545,-0.04088730737566948,0.7576342225074768,0.6796019673347473,-0.03466584160923958,0.7374158501625061,0.5904667973518372,-0.06379549950361252,0.6950151324272156,0.6334935426712036,-0.04602034389972687,0.6963411569595337,0.6688787937164307,-0.028460074216127396,0.755523681640625,0.7340248823165894,-0.05522247776389122,0.7448434829711914,0.6518086791038513,-0.06882494688034058,0.7119474411010742,0.6732064485549927,-0.05278469994664192,0.7102649807929993,0.7058631181716919,-0.03780417516827583,0.0,0.0,0.0,0.0,0.0,0.0,0.0,0.0,0.0,0.0,0.0,0.0,0.0,0.0,0.0,0.0,0.0,0.0,0.0,0.0,0.0,0.0,0.0,0.0,0.0,0.0,0.0,0.0,0.0,0.0,0.0,0.0,0.0,0.0,0.0,0.0,0.0,0.0,0.0,0.0,0.0,0.0,0.0,0.0,0.0,0.0,0.0,0.0,0.0,0.0,0.0,0.0,0.0,0.0,0.0,0.0,0.0,0.0,0.0,0.0,0.0,0.0,0.0,U
0.6311666369438171,0.742350161075592,-4.28506240268689e-07,0.6355966329574585,0.6407570242881775,0.0006665923283435404,0.6544963717460632,0.5385122895240784,-0.009264468215405941,0.6587675213813782,0.45900529623031616,-0.025707075372338295,0.660895049571991,0.3921043574810028,-0.041909798979759216,0.7439973950386047,0.5778467059135437,-0.001603114535100758,0.8032959699630737,0.5266119837760925,-0.031080106273293495,0.8139774799346924,0.46928325295448303,-0.04588916152715683,0.8094719648361206,0.41719338297843933,-0.05271414667367935,0.7528764605522156,0.6272640824317932,-0.016554195433855057,0.7427108287811279,0.5360406041145325,-0.05008504539728165,0.6962101459503174,0.5733478665351868,-0.050486866384744644,0.6892186999320984,0.6137019395828247,-0.04407734051346779,0.7556052803993225,0.678462028503418,-0.0352652333676815,0.7350941300392151,0.5909775495529175,-0.06405127048492432,0.6931197643280029,0.6325759887695312,-0.047462690621614456,0.6928586959838867,0.668236494064331,-0.03088747151196003,0.7543883323669434,0.732987105846405,-0.0549667626619339,0.7425069212913513,0.6516234874725342,-0.0686146542429924,0.709577202796936,0.6718401312828064,-0.05350232869386673,0.7070797085762024,0.7042614221572876,-0.039183273911476135,0.0,0.0,0.0,0.0,0.0,0.0,0.0,0.0,0.0,0.0,0.0,0.0,0.0,0.0,0.0,0.0,0.0,0.0,0.0,0.0,0.0,0.0,0.0,0.0,0.0,0.0,0.0,0.0,0.0,0.0,0.0,0.0,0.0,0.0,0.0,0.0,0.0,0.0,0.0,0.0,0.0,0.0,0.0,0.0,0.0,0.0,0.0,0.0,0.0,0.0,0.0,0.0,0.0,0.0,0.0,0.0,0.0,0.0,0.0,0.0,0.0,0.0,0.0,U
0.6308402419090271,0.7414857745170593,-4.315241426411376e-07,0.6338809132575989,0.6417615413665771,-0.002363466192036867,0.6509037017822266,0.5398908853530884,-0.01338439341634512,0.65383380651474,0.45998817682266235,-0.029974911361932755,0.6556329727172852,0.39279311895370483,-0.04631757736206055,0.7406169772148132,0.5730990171432495,-0.00534374313428998,0.7980704307556152,0.5215659141540527,-0.035223085433244705,0.8075217008590698,0.46481797099113464,-0.050909027457237244,0.8029168248176575,0.4124923348426819,-0.05867454409599304,0.7510872483253479,0.6225523948669434,-0.018821503967046738,0.7406373023986816,0.5324825644493103,-0.05261118337512016,0.6949005126953125,0.5711644291877747,-0.05401446670293808,0.6868554353713989,0.6113165020942688,-0.04850676655769348,0.7548213005065918,0.6742220520973206,-0.036077290773391724,0.7327115535736084,0.5891786813735962,-0.06519796699285507,0.6912400722503662,0.6313577890396118,-0.04967856779694557,0.6900262832641602,0.6659113168716431,-0.03383507952094078,0.7542186975479126,0.7295464873313904,-0.054553911089897156,0.7402929663658142,0.6493868827819824,-0.06889557838439941,0.7070189118385315,0.6701509356498718,-0.05477439612150192,0.7035834193229675,0.7013028264045715,-0.04116272181272507,0.0,0.0,0.0,0.0,0.0,0.0,0.0,0.0,0.0,0.0,0.0,0.0,0.0,0.0,0.0,0.0,0.0,0.0,0.0,0.0,0.0,0.0,0.0,0.0,0.0,0.0,0.0,0.0,0.0,0.0,0.0,0.0,0.0,0.0,0.0,0.0,0.0,0.0,0.0,0.0,0.0,0.0,0.0,0.0,0.0,0.0,0.0,0.0,0.0,0.0,0.0,0.0,0.0,0.0,0.0,0.0,0.0,0.0,0.0,0.0,0.0,0.0,0.0,U
0.6301896572113037,0.743127703666687,-4.3466502575029153e-07,0.6327369213104248,0.6428781747817993,-0.0005300667835399508,0.6478133797645569,0.5405672192573547,-0.011060182936489582,0.6506277322769165,0.4612107574939728,-0.027662331238389015,0.6521132588386536,0.3932670056819916,-0.0438770055770874,0.7383338212966919,0.5734036564826965,-0.0034302431158721447,0.7944175601005554,0.5157667994499207,-0.03419256955385208,0.803726315498352,0.4575362503528595,-0.049732450395822525,0.7990586161613464,0.40526410937309265,-0.05696450173854828,0.7481683492660522,0.6220245361328125,-0.01796676032245159,0.7372499108314514,0.5293131470680237,-0.052056070417165756,0.6913244724273682,0.5723503232002258,-0.052111219614744186,0.6860308647155762,0.6138544678688049,-0.04538207873702049,0.7522028088569641,0.6726932525634766,-0.036505259573459625,0.7318944334983826,0.5842261910438538,-0.06677297502756119,0.6901030540466309,0.631293535232544,-0.050054941326379776,0.6913164258003235,0.6679025888442993,-0.033093519508838654,0.7522245645523071,0.7273708581924438,-0.05600777640938759,0.7403748035430908,0.644813597202301,-0.07144024223089218,0.7068531513214111,0.6686506867408752,-0.05670138821005821,0.7048127055168152,0.7019596695899963,-0.0423915721476078,0.0,0.0,0.0,0.0,0.0,0.0,0.0,0.0,0.0,0.0,0.0,0.0,0.0,0.0,0.0,0.0,0.0,0.0,0.0,0.0,0.0,0.0,0.0,0.0,0.0,0.0,0.0,0.0,0.0,0.0,0.0,0.0,0.0,0.0,0.0,0.0,0.0,0.0,0.0,0.0,0.0,0.0,0.0,0.0,0.0,0.0,0.0,0.0,0.0,0.0,0.0,0.0,0.0,0.0,0.0,0.0,0.0,0.0,0.0,0.0,0.0,0.0,0.0,U
0.6292359828948975,0.7386150360107422,-4.177464063559455e-07,0.6321483254432678,0.6403340697288513,6.91614841343835e-05,0.6479370594024658,0.5390764474868774,-0.010387957096099854,0.6503869891166687,0.4609200060367584,-0.02720610424876213,0.6510684490203857,0.3939223289489746,-0.04379146173596382,0.7385991215705872,0.569263219833374,-0.002306791255250573,0.7944157719612122,0.5118210911750793,-0.032203201204538345,0.8035719394683838,0.45373156666755676,-0.04768574237823486,0.7982719540596008,0.40218111872673035,-0.055254194885492325,0.7487991452217102,0.6161752939224243,-0.017300043255090714,0.7356067299842834,0.5236281752586365,-0.05056300386786461,0.6910912990570068,0.5656006932258606,-0.05136684328317642,0.6861732006072998,0.6067110896110535,-0.045525554567575455,0.7527251839637756,0.6665399670600891,-0.036146849393844604,0.7304015755653381,0.577954888343811,-0.0648035854101181,0.6905293464660645,0.6244668364524841,-0.048367369920015335,0.692603349685669,0.66024249792099,-0.032211095094680786,0.752066969871521,0.7221271395683289,-0.05605955794453621,0.7383392453193665,0.6398541331291199,-0.0700506791472435,0.7067508697509766,0.6639217138290405,-0.05524870753288269,0.7062749862670898,0.6970771551132202,-0.04132680967450142,0.0,0.0,0.0,0.0,0.0,0.0,0.0,0.0,0.0,0.0,0.0,0.0,0.0,0.0,0.0,0.0,0.0,0.0,0.0,0.0,0.0,0.0,0.0,0.0,0.0,0.0,0.0,0.0,0.0,0.0,0.0,0.0,0.0,0.0,0.0,0.0,0.0,0.0,0.0,0.0,0.0,0.0,0.0,0.0,0.0,0.0,0.0,0.0,0.0,0.0,0.0,0.0,0.0,0.0,0.0,0.0,0.0,0.0,0.0,0.0,0.0,0.0,0.0,U
0.6296890377998352,0.7416576743125916,-4.214531656998588e-07,0.6322713494300842,0.6412830352783203,-2.0949972167727537e-05,0.6478452682495117,0.5397734642028809,-0.01041158102452755,0.6506717205047607,0.46079593896865845,-0.027075104415416718,0.6509758234024048,0.3933030664920807,-0.043288443237543106,0.7368530035018921,0.5679525136947632,-0.0023472041357308626,0.7928155064582825,0.5123115181922913,-0.03291067108511925,0.8020327687263489,0.45528995990753174,-0.04824212193489075,0.7969789505004883,0.4035947620868683,-0.05540096014738083,0.7473086714744568,0.6148366928100586,-0.017106691375374794,0.7345569133758545,0.5231250524520874,-0.05002230778336525,0.6897402405738831,0.5688031315803528,-0.04919259995222092,0.6872326731681824,0.6104581952095032,-0.042147230356931686,0.7519285678863525,0.6653742790222168,-0.03596649318933487,0.7310272455215454,0.5780677795410156,-0.06445085257291794,0.6909287571907043,0.6261864900588989,-0.0466984286904335,0.6952967047691345,0.6615990400314331,-0.029709894210100174,0.7521622776985168,0.7208532094955444,-0.05594315379858017,0.739341139793396,0.6410719156265259,-0.06954371184110641,0.7077405452728271,0.6661873459815979,-0.05402476340532303,0.7084798812866211,0.6991059184074402,-0.039669301360845566,0.0,0.0,0.0,0.0,0.0,0.0,0.0,0.0,0.0,0.0,0.0,0.0,0.0,0.0,0.0,0.0,0.0,0.0,0.0,0.0,0.0,0.0,0.0,0.0,0.0,0.0,0.0,0.0,0.0,0.0,0.0,0.0,0.0,0.0,0.0,0.0,0.0,0.0,0.0,0.0,0.0,0.0,0.0,0.0,0.0,0.0,0.0,0.0,0.0,0.0,0.0,0.0,0.0,0.0,0.0,0.0,0.0,0.0,0.0,0.0,0.0,0.0,0.0,U
0.6285873651504517,0.7391690015792847,-4.182702468824573e-07,0.6314873099327087,0.6415551900863647,0.0009058401919901371,0.6474876999855042,0.5388531684875488,-0.008755771443247795,0.6500723958015442,0.46079885959625244,-0.025027697905898094,0.651107907295227,0.39438530802726746,-0.041027508676052094,0.7381487488746643,0.5690776109695435,-0.00017410604050382972,0.7935666441917419,0.5145780444145203,-0.02925371564924717,0.8035330176353455,0.45644381642341614,-0.04342315346002579,0.7992438077926636,0.4042448401451111,-0.05006808787584305,0.7478058934211731,0.6164109110832214,-0.01570209674537182,0.7358585000038147,0.5238683223724365,-0.04854302480816841,0.6897844076156616,0.5684279799461365,-0.047302450984716415,0.686539888381958,0.6106663942337036,-0.03954031690955162,0.751903772354126,0.6672036647796631,-0.03523261100053787,0.7309762239456177,0.580573558807373,-0.0642377957701683,0.6897876858711243,0.6281043291091919,-0.04588275030255318,0.6935011744499207,0.6635399460792542,-0.027963662520051003,0.7518644332885742,0.7230902314186096,-0.055756375193595886,0.7397800087928772,0.6427488327026367,-0.06963086873292923,0.7077281475067139,0.6675242185592651,-0.05355566367506981,0.7082286477088928,0.700586199760437,-0.0385616198182106,0.0,0.0,0.0,0.0,0.0,0.0,0.0,0.0,0.0,0.0,0.0,0.0,0.0,0.0,0.0,0.0,0.0,0.0,0.0,0.0,0.0,0.0,0.0,0.0,0.0,0.0,0.0,0.0,0.0,0.0,0.0,0.0,0.0,0.0,0.0,0.0,0.0,0.0,0.0,0.0,0.0,0.0,0.0,0.0,0.0,0.0,0.0,0.0,0.0,0.0,0.0,0.0,0.0,0.0,0.0,0.0,0.0,0.0,0.0,0.0,0.0,0.0,0.0,U
0.629884660243988,0.7409029006958008,-4.259012484908453e-07,0.6333777904510498,0.644567608833313,0.00031782305450178683,0.6501235365867615,0.5414661169052124,-0.010213471949100494,0.6533482670783997,0.462892085313797,-0.027405310422182083,0.6543683409690857,0.3957939147949219,-0.044245924800634384,0.7414151430130005,0.5746957659721375,-0.0010763148311525583,0.7967575788497925,0.51981121301651,-0.03052290715277195,0.8061574697494507,0.46164724230766296,-0.044805627316236496,0.8012359738349915,0.41052377223968506,-0.05142994597554207,0.7505730986595154,0.6211153864860535,-0.016488492488861084,0.7378872036933899,0.5259831547737122,-0.04924067109823227,0.6908221244812012,0.5693841576576233,-0.047531433403491974,0.6877076029777527,0.6131955981254578,-0.03950265794992447,0.7540199756622314,0.6721777319908142,-0.03596371412277222,0.7335047125816345,0.5838951468467712,-0.06484167277812958,0.6908948421478271,0.6297959089279175,-0.04569803923368454,0.6943244338035583,0.6665838360786438,-0.02725796215236187,0.7529132962226868,0.7291278839111328,-0.056558698415756226,0.7425453662872314,0.6490198969841003,-0.06988763809204102,0.7098217010498047,0.6707800626754761,-0.05313912406563759,0.7093730568885803,0.7037453055381775,-0.03773316368460655,0.0,0.0,0.0,0.0,0.0,0.0,0.0,0.0,0.0,0.0,0.0,0.0,0.0,0.0,0.0,0.0,0.0,0.0,0.0,0.0,0.0,0.0,0.0,0.0,0.0,0.0,0.0,0.0,0.0,0.0,0.0,0.0,0.0,0.0,0.0,0.0,0.0,0.0,0.0,0.0,0.0,0.0,0.0,0.0,0.0,0.0,0.0,0.0,0.0,0.0,0.0,0.0,0.0,0.0,0.0,0.0,0.0,0.0,0.0,0.0,0.0,0.0,0.0,U
0.6356286406517029,0.7500602602958679,-4.192239657641039e-07,0.639182448387146,0.6506490707397461,-0.00027994142146781087,0.6570307612419128,0.54707270860672,-0.010341918095946312,0.6615588068962097,0.46953532099723816,-0.026746712625026703,0.6630457043647766,0.40405288338661194,-0.042438820004463196,0.7483723163604736,0.5817945599555969,-0.00017186428885906935,0.8041573166847229,0.5331723093986511,-0.029730847105383873,0.8144135475158691,0.4739089906215668,-0.04433564841747284,0.8085294365882874,0.4220006465911865,-0.051091551780700684,0.7576585412025452,0.6283217072486877,-0.015045208856463432,0.7464737296104431,0.5319839715957642,-0.04773138836026192,0.6996896266937256,0.5711255073547363,-0.04607216641306877,0.6963897347450256,0.6149453520774841,-0.03771110996603966,0.7609999775886536,0.6798299551010132,-0.034216467291116714,0.7395254373550415,0.5931559205055237,-0.06304966658353806,0.6979005932807922,0.6375146508216858,-0.04472503066062927,0.7029996514320374,0.6748332977294922,-0.02655259519815445,0.7599948048591614,0.7368853688240051,-0.05455696955323219,0.748022735118866,0.6573941707611084,-0.06745544821023941,0.7159039974212646,0.6784998774528503,-0.051166463643312454,0.7172619104385376,0.7116618752479553,-0.036076437681913376,0.0,0.0,0.0,0.0,0.0,0.0,0.0,0.0,0.0,0.0,0.0,0.0,0.0,0.0,0.0,0.0,0.0,0.0,0.0,0.0,0.0,0.0,0.0,0.0,0.0,0.0,0.0,0.0,0.0,0.0,0.0,0.0,0.0,0.0,0.0,0.0,0.0,0.0,0.0,0.0,0.0,0.0,0.0,0.0,0.0,0.0,0.0,0.0,0.0,0.0,0.0,0.0,0.0,0.0,0.0,0.0,0.0,0.0,0.0,0.0,0.0,0.0,0.0,U
0.6424289345741272,0.7597599625587463,-3.961019103826402e-07,0.6435806751251221,0.6644637584686279,-0.007626634556800127,0.6603482961654663,0.5589844584465027,-0.01840829662978649,0.6665937900543213,0.47677725553512573,-0.033734098076820374,0.6674080491065979,0.40789157152175903,-0.047331955283880234,0.746661901473999,0.5830456614494324,-0.0031725973822176456,0.7991805076599121,0.5321471691131592,-0.03376511484384537,0.8106349110603333,0.47645896673202515,-0.04766908660531044,0.8090960383415222,0.42548155784606934,-0.05334481969475746,0.7554953694343567,0.6282471418380737,-0.013493621721863747,0.7534664273262024,0.5423219203948975,-0.04796183854341507,0.7055145502090454,0.5851233005523682,-0.045410264283418655,0.7030484676361084,0.6231335401535034,-0.03473496809601784,0.7621010541915894,0.6798879504203796,-0.029044274240732193,0.7494887113571167,0.6031097173690796,-0.06226474791765213,0.7074132561683655,0.6506157517433167,-0.045276619493961334,0.7136278748512268,0.6841156482696533,-0.025582052767276764,0.766821563243866,0.7381070852279663,-0.045988377183675766,0.763378381729126,0.6641219258308411,-0.06118467450141907,0.730712890625,0.6871935129165649,-0.04541483148932457,0.7314068078994751,0.7182837724685669,-0.029541805386543274,0.0,0.0,0.0,0.0,0.0,0.0,0.0,0.0,0.0,0.0,0.0,0.0,0.0,0.0,0.0,0.0,0.0,0.0,0.0,0.0,0.0,0.0,0.0,0.0,0.0,0.0,0.0,0.0,0.0,0.0,0.0,0.0,0.0,0.0,0.0,0.0,0.0,0.0,0.0,0.0,0.0,0.0,0.0,0.0,0.0,0.0,0.0,0.0,0.0,0.0,0.0,0.0,0.0,0.0,0.0,0.0,0.0,0.0,0.0,0.0,0.0,0.0,0.0,U
0.6505853533744812,0.7684100270271301,-3.2394714821748494e-07,0.6483111381530762,0.6745846271514893,-0.011292907409369946,0.6622496843338013,0.565453290939331,-0.023278335109353065,0.668045699596405,0.4801067113876343,-0.039045847952365875,0.6703026294708252,0.4112124741077423,-0.05337785184383392,0.7405592203140259,0.5737853050231934,-0.005161853972822428,0.7898390889167786,0.5241523385047913,-0.03466084972023964,0.8029657602310181,0.47146183252334595,-0.04841073974967003,0.8029841780662537,0.42253628373146057,-0.05439206585288048,0.7518418431282043,0.6178559064865112,-0.01373276300728321,0.757375180721283,0.5422424077987671,-0.04865284636616707,0.711431086063385,0.5922991037368774,-0.04719435051083565,0.7069514989852905,0.6280999183654785,-0.036486148834228516,0.76236891746521,0.6701408624649048,-0.02751089073717594,0.7577436566352844,0.6057574152946472,-0.061512649059295654,0.7181504964828491,0.655404269695282,-0.045473095029592514,0.7219657897949219,0.6833388805389404,-0.02547367662191391,0.7721990346908569,0.7290338277816772,-0.04281579703092575,0.776286244392395,0.6606960296630859,-0.05818928778171539,0.7442023158073425,0.6873540282249451,-0.042109034955501556,0.7427449226379395,0.7154510617256165,-0.025805896148085594,0.0,0.0,0.0,0.0,0.0,0.0,0.0,0.0,0.0,0.0,0.0,0.0,0.0,0.0,0.0,0.0,0.0,0.0,0.0,0.0,0.0,0.0,0.0,0.0,0.0,0.0,0.0,0.0,0.0,0.0,0.0,0.0,0.0,0.0,0.0,0.0,0.0,0.0,0.0,0.0,0.0,0.0,0.0,0.0,0.0,0.0,0.0,0.0,0.0,0.0,0.0,0.0,0.0,0.0,0.0,0.0,0.0,0.0,0.0,0.0,0.0,0.0,0.0,U
0.6541190147399902,0.7724419832229614,-2.9572558446488983e-07,0.6499540209770203,0.6790423393249512,-0.010111760348081589,0.6630194187164307,0.566068708896637,-0.02082883194088936,0.6686767935752869,0.48026570677757263,-0.03610207512974739,0.6713354587554932,0.4101417660713196,-0.05023445561528206,0.7399080395698547,0.5754286050796509,-0.0002925567969214171,0.7880464196205139,0.5194514989852905,-0.02678152732551098,0.7991177439689636,0.46480903029441833,-0.03786064311861992,0.7992456555366516,0.41743677854537964,-0.04244919866323471,0.7513028979301453,0.6165884733200073,-0.010107857175171375,0.7582775950431824,0.5334755182266235,-0.043743424117565155,0.7128195762634277,0.5889553427696228,-0.040931835770606995,0.7105309963226318,0.6324446201324463,-0.028557278215885162,0.7622278928756714,0.6666494607925415,-0.025150617584586143,0.7601379752159119,0.6008630990982056,-0.05863066017627716,0.7207975387573242,0.6534634232521057,-0.04106401279568672,0.7249006032943726,0.6861120462417603,-0.01944282278418541,0.7725794315338135,0.7236441969871521,-0.041780129075050354,0.7799584865570068,0.6565842628479004,-0.05732782930135727,0.7480484843254089,0.6835635900497437,-0.040614303201436996,0.7454932928085327,0.7143192291259766,-0.0235532708466053,0.0,0.0,0.0,0.0,0.0,0.0,0.0,0.0,0.0,0.0,0.0,0.0,0.0,0.0,0.0,0.0,0.0,0.0,0.0,0.0,0.0,0.0,0.0,0.0,0.0,0.0,0.0,0.0,0.0,0.0,0.0,0.0,0.0,0.0,0.0,0.0,0.0,0.0,0.0,0.0,0.0,0.0,0.0,0.0,0.0,0.0,0.0,0.0,0.0,0.0,0.0,0.0,0.0,0.0,0.0,0.0,0.0,0.0,0.0,0.0,0.0,0.0,0.0,U
0.6547446846961975,0.7753223180770874,-2.992905194787454e-07,0.6496890187263489,0.6829177737236023,-0.011350171640515327,0.6626953482627869,0.5690890550613403,-0.021583540365099907,0.6685552597045898,0.48315441608428955,-0.036109983921051025,0.670931339263916,0.412936806678772,-0.04963641241192818,0.7380925416946411,0.5745452046394348,-0.0006386299501173198,0.7847756147384644,0.5158305764198303,-0.025320621207356453,0.7953107953071594,0.46264123916625977,-0.03495699539780617,0.7966629266738892,0.4162440001964569,-0.0389823280274868,0.75057452917099,0.6150597333908081,-0.009721123613417149,0.7578032612800598,0.5327526330947876,-0.042854513972997665,0.712044358253479,0.5908249616622925,-0.03991109877824783,0.7088236212730408,0.6344377398490906,-0.02732754498720169,0.7622683048248291,0.6642608046531677,-0.023921288549900055,0.7605145573616028,0.59917813539505,-0.05761009454727173,0.720320999622345,0.654867947101593,-0.04015521705150604,0.722590982913971,0.688200831413269,-0.018326953053474426,0.7730234265327454,0.7206093072891235,-0.03975214436650276,0.7807093262672424,0.6528876423835754,-0.05595885589718819,0.748449444770813,0.68097984790802,-0.03958025202155113,0.7447006106376648,0.7116771340370178,-0.022525638341903687,0.0,0.0,0.0,0.0,0.0,0.0,0.0,0.0,0.0,0.0,0.0,0.0,0.0,0.0,0.0,0.0,0.0,0.0,0.0,0.0,0.0,0.0,0.0,0.0,0.0,0.0,0.0,0.0,0.0,0.0,0.0,0.0,0.0,0.0,0.0,0.0,0.0,0.0,0.0,0.0,0.0,0.0,0.0,0.0,0.0,0.0,0.0,0.0,0.0,0.0,0.0,0.0,0.0,0.0,0.0,0.0,0.0,0.0,0.0,0.0,0.0,0.0,0.0,U
0.6524782180786133,0.7737010717391968,-3.10710248641044e-07,0.6482958197593689,0.6801676154136658,-0.008814369328320026,0.6611838936805725,0.5667928457260132,-0.018028555437922478,0.6662917137145996,0.4816371202468872,-0.03211885690689087,0.6684728264808655,0.4122839868068695,-0.04528393968939781,0.7372987270355225,0.5743612051010132,0.00174805149435997,0.7848247289657593,0.5164459347724915,-0.023447280749678612,0.7944963574409485,0.4625180959701538,-0.03376919403672218,0.7945278286933899,0.4162619411945343,-0.038027066737413406,0.7486228346824646,0.615727961063385,-0.008457177318632603,0.7561063170433044,0.5317535400390625,-0.04159078001976013,0.7102075219154358,0.5900291204452515,-0.038899339735507965,0.7078174948692322,0.6342275738716125,-0.026446066796779633,0.7600167393684387,0.6649197936058044,-0.023652859032154083,0.7591310143470764,0.597759485244751,-0.05700397491455078,0.7183975577354431,0.6526697874069214,-0.039505500346422195,0.7208635210990906,0.6867788434028625,-0.01755089871585369,0.7707697153091431,0.7211488485336304,-0.04027345031499863,0.7797529697418213,0.6528375744819641,-0.05572434887290001,0.7471113801002502,0.6793299317359924,-0.03881862387061119,0.7430659532546997,0.7105210423469543,-0.021365784108638763,0.0,0.0,0.0,0.0,0.0,0.0,0.0,0.0,0.0,0.0,0.0,0.0,0.0,0.0,0.0,0.0,0.0,0.0,0.0,0.0,0.0,0.0,0.0,0.0,0.0,0.0,0.0,0.0,0.0,0.0,0.0,0.0,0.0,0.0,0.0,0.0,0.0,0.0,0.0,0.0,0.0,0.0,0.0,0.0,0.0,0.0,0.0,0.0,0.0,0.0,0.0,0.0,0.0,0.0,0.0,0.0,0.0,0.0,0.0,0.0,0.0,0.0,0.0,U
0.6512211561203003,0.7750431895256042,-3.299723516647646e-07,0.6471444368362427,0.6805539727210999,-0.008989069610834122,0.6607019901275635,0.5671184062957764,-0.018265357241034508,0.6668758988380432,0.48174625635147095,-0.032365452498197556,0.6695377230644226,0.41103923320770264,-0.045321524143218994,0.737703800201416,0.5765587091445923,0.0015070746885612607,0.7855790853500366,0.5184424519538879,-0.024413282051682472,0.793777346611023,0.4638076722621918,-0.03542661666870117,0.7921894192695618,0.4155130088329315,-0.04010205343365669,0.7488290071487427,0.6174121499061584,-0.00898812897503376,0.7553254961967468,0.5318090319633484,-0.042952220886945724,0.710191011428833,0.5895146131515503,-0.04101991653442383,0.7074249982833862,0.6340133547782898,-0.029185501858592033,0.7596231698989868,0.666203498840332,-0.024546032771468163,0.7573142051696777,0.5974115133285522,-0.05834388732910156,0.7172452211380005,0.6535103917121887,-0.04105792194604874,0.7198706865310669,0.6883941888809204,-0.01939794048666954,0.770235002040863,0.7222238183021545,-0.04160606488585472,0.7776856422424316,0.65257728099823,-0.05746100842952728,0.745244026184082,0.680000901222229,-0.040798120200634,0.7415430545806885,0.7112923860549927,-0.023557348176836967,0.0,0.0,0.0,0.0,0.0,0.0,0.0,0.0,0.0,0.0,0.0,0.0,0.0,0.0,0.0,0.0,0.0,0.0,0.0,0.0,0.0,0.0,0.0,0.0,0.0,0.0,0.0,0.0,0.0,0.0,0.0,0.0,0.0,0.0,0.0,0.0,0.0,0.0,0.0,0.0,0.0,0.0,0.0,0.0,0.0,0.0,0.0,0.0,0.0,0.0,0.0,0.0,0.0,0.0,0.0,0.0,0.0,0.0,0.0,0.0,0.0,0.0,0.0,U
0.6502442955970764,0.775808572769165,-3.3474310612291447e-07,0.6463841199874878,0.6822541356086731,-0.008576474152505398,0.6599710583686829,0.5697374939918518,-0.018804946914315224,0.6663874983787537,0.4841851592063904,-0.034064967185258865,0.6682133674621582,0.4130063056945801,-0.048316601663827896,0.738115131855011,0.5798880457878113,-0.0004851000558119267,0.787228524684906,0.5224857330322266,-0.027406061068177223,0.7955600023269653,0.4665857255458832,-0.03886261582374573,0.7930432558059692,0.4193072021007538,-0.043720852583646774,0.7490399479866028,0.6210564374923706,-0.011406602337956429,0.7533162832260132,0.5370862483978271,-0.04509686306118965,0.7078326344490051,0.594017744064331,-0.04236041381955147,0.7061779499053955,0.6372464895248413,-0.030591638758778572,0.7594524621963501,0.6703024506568909,-0.02734127826988697,0.7564781308174133,0.6013085842132568,-0.06082741171121597,0.7159589529037476,0.6561155319213867,-0.042251329869031906,0.7184467315673828,0.690379798412323,-0.020251762121915817,0.7694463729858398,0.7270800471305847,-0.04481944069266319,0.7769147753715515,0.6567080616950989,-0.06062442064285278,0.7439545392990112,0.6827426552772522,-0.043247465044260025,0.7395597100257874,0.7132164239883423,-0.02568252943456173,0.0,0.0,0.0,0.0,0.0,0.0,0.0,0.0,0.0,0.0,0.0,0.0,0.0,0.0,0.0,0.0,0.0,0.0,0.0,0.0,0.0,0.0,0.0,0.0,0.0,0.0,0.0,0.0,0.0,0.0,0.0,0.0,0.0,0.0,0.0,0.0,0.0,0.0,0.0,0.0,0.0,0.0,0.0,0.0,0.0,0.0,0.0,0.0,0.0,0.0,0.0,0.0,0.0,0.0,0.0,0.0,0.0,0.0,0.0,0.0,0.0,0.0,0.0,U
0.6457004547119141,0.7625483870506287,-3.5430883826848003e-07,0.647396445274353,0.6739755272865295,-0.0027781573589891195,0.6640061140060425,0.5660963654518127,-0.01265216339379549,0.670327365398407,0.48361313343048096,-0.029132293537259102,0.671660304069519,0.4131106734275818,-0.04491475597023964,0.7487554550170898,0.5902920961380005,0.002327354857698083,0.8025548458099365,0.5372673869132996,-0.02535482868552208,0.8095006346702576,0.4767950177192688,-0.03618184104561806,0.8031210899353027,0.42860791087150574,-0.040050629526376724,0.7570825815200806,0.6329751014709473,-0.011781852692365646,0.7534806132316589,0.5392608046531677,-0.04586451128125191,0.705367386341095,0.5886533856391907,-0.04129601642489433,0.7053990960121155,0.6333258748054504,-0.028171544894576073,0.7634217739105225,0.6827606558799744,-0.030611272901296616,0.7534213662147522,0.6024681925773621,-0.06406746804714203,0.7120980024337769,0.6514219641685486,-0.04380210489034653,0.7180414199829102,0.6866137385368347,-0.020827490836381912,0.7688093781471252,0.7390205264091492,-0.05047527700662613,0.7694408297538757,0.665999710559845,-0.06554137915372849,0.7361290454864502,0.6871644258499146,-0.04738764464855194,0.7345948219299316,0.7190746665000916,-0.029343310743570328,0.0,0.0,0.0,0.0,0.0,0.0,0.0,0.0,0.0,0.0,0.0,0.0,0.0,0.0,0.0,0.0,0.0,0.0,0.0,0.0,0.0,0.0,0.0,0.0,0.0,0.0,0.0,0.0,0.0,0.0,0.0,0.0,0.0,0.0,0.0,0.0,0.0,0.0,0.0,0.0,0.0,0.0,0.0,0.0,0.0,0.0,0.0,0.0,0.0,0.0,0.0,0.0,0.0,0.0,0.0,0.0,0.0,0.0,0.0,0.0,0.0,0.0,0.0,U
0.6433709263801575,0.7575806975364685,-4.1791480498432065e-07,0.6481425166130066,0.6650387644767761,0.0012750296154990792,0.6667570471763611,0.5608012676239014,-0.008366833440959454,0.6741500496864319,0.48127517104148865,-0.025498555973172188,0.6768085956573486,0.4106508791446686,-0.04170498996973038,0.7558199763298035,0.5966376662254333,0.004291868302971125,0.8104099631309509,0.5462849140167236,-0.026364600285887718,0.8207277655601501,0.4867503046989441,-0.03981422260403633,0.8167587518692017,0.4357461631298065,-0.044881489127874374,0.763416588306427,0.6423516273498535,-0.01189445611089468,0.7539965510368347,0.5457717180252075,-0.04608718305826187,0.7044541239738464,0.588524341583252,-0.04156758263707161,0.7038533687591553,0.6328832507133484,-0.02958095073699951,0.7675487399101257,0.6921405792236328,-0.032951854169368744,0.7517446279525757,0.6034491062164307,-0.06582314521074295,0.7087362408638,0.6491044163703918,-0.04529351368546486,0.7153247594833374,0.6870885491371155,-0.02351411245763302,0.7697418332099915,0.7484699487686157,-0.05484087020158768,0.7645151615142822,0.6704444289207458,-0.0692208856344223,0.7302643060684204,0.6891599297523499,-0.050942499190568924,0.7295324206352234,0.7221391797065735,-0.033476922661066055,0.0,0.0,0.0,0.0,0.0,0.0,0.0,0.0,0.0,0.0,0.0,0.0,0.0,0.0,0.0,0.0,0.0,0.0,0.0,0.0,0.0,0.0,0.0,0.0,0.0,0.0,0.0,0.0,0.0,0.0,0.0,0.0,0.0,0.0,0.0,0.0,0.0,0.0,0.0,0.0,0.0,0.0,0.0,0.0,0.0,0.0,0.0,0.0,0.0,0.0,0.0,0.0,0.0,0.0,0.0,0.0,0.0,0.0,0.0,0.0,0.0,0.0,0.0,U
0.6420217156410217,0.7603645920753479,-4.2123045318476215e-07,0.647844135761261,0.6661028265953064,0.0002882657281588763,0.6666692495346069,0.562938392162323,-0.010115974582731724,0.6732414960861206,0.48251011967658997,-0.02743907831609249,0.6774454116821289,0.4131747782230377,-0.043934255838394165,0.7557969093322754,0.5994420051574707,0.0006419411511160433,0.8125506639480591,0.5469536781311035,-0.029716970399022102,0.8237962126731873,0.4897381663322449,-0.043155089020729065,0.8202353715896606,0.4378398358821869,-0.04859039559960365,0.7641618251800537,0.6454222798347473,-0.014641355723142624,0.7548290491104126,0.5480570197105408,-0.04780129715800285,0.705984354019165,0.5901376605033875,-0.04436621814966202,0.7038520574569702,0.6333181262016296,-0.03452096879482269,0.7681365013122559,0.6955925226211548,-0.034465063363313675,0.7519418001174927,0.6035082340240479,-0.06480953842401505,0.708160936832428,0.6486677527427673,-0.04470540210604668,0.7122913002967834,0.6868715882301331,-0.025019822642207146,0.7685310244560242,0.7520559430122375,-0.05534489080309868,0.7610054612159729,0.67066890001297,-0.06957926601171494,0.727015495300293,0.691239058971405,-0.052586860954761505,0.7264185547828674,0.7251675724983215,-0.03667024150490761,0.0,0.0,0.0,0.0,0.0,0.0,0.0,0.0,0.0,0.0,0.0,0.0,0.0,0.0,0.0,0.0,0.0,0.0,0.0,0.0,0.0,0.0,0.0,0.0,0.0,0.0,0.0,0.0,0.0,0.0,0.0,0.0,0.0,0.0,0.0,0.0,0.0,0.0,0.0,0.0,0.0,0.0,0.0,0.0,0.0,0.0,0.0,0.0,0.0,0.0,0.0,0.0,0.0,0.0,0.0,0.0,0.0,0.0,0.0,0.0,0.0,0.0,0.0,U
0.6416695713996887,0.759706437587738,-4.168580574059888e-07,0.6482951641082764,0.6600713729858398,0.0018532611429691315,0.6678343415260315,0.55942702293396,-0.007944086566567421,0.6731143593788147,0.47951698303222656,-0.024690380319952965,0.6776086688041687,0.4109738767147064,-0.041047994047403336,0.7576149702072144,0.5994376540184021,0.0008268242818303406,0.8162665367126465,0.5517216324806213,-0.029163282364606857,0.8272887468338013,0.49229806661605835,-0.04431507736444473,0.8223199844360352,0.4399440884590149,-0.05132201313972473,0.7658416628837585,0.6471696496009827,-0.015238934196531773,0.7565696239471436,0.5529296398162842,-0.04837387055158615,0.7091993689537048,0.5883837342262268,-0.04816122725605965,0.7027339935302734,0.6306039094924927,-0.041233524680137634,0.7680504322052002,0.6980639696121216,-0.0353069007396698,0.749189555644989,0.6092992424964905,-0.06432028859853745,0.7063838243484497,0.6484048366546631,-0.0468803271651268,0.7069790959358215,0.6846688389778137,-0.02961638942360878,0.7663220763206482,0.7536606788635254,-0.05627250671386719,0.7555546760559082,0.6720192432403564,-0.06977428495883942,0.7222665548324585,0.690351128578186,-0.05386662855744362,0.720432698726654,0.7232872843742371,-0.039018210023641586,0.0,0.0,0.0,0.0,0.0,0.0,0.0,0.0,0.0,0.0,0.0,0.0,0.0,0.0,0.0,0.0,0.0,0.0,0.0,0.0,0.0,0.0,0.0,0.0,0.0,0.0,0.0,0.0,0.0,0.0,0.0,0.0,0.0,0.0,0.0,0.0,0.0,0.0,0.0,0.0,0.0,0.0,0.0,0.0,0.0,0.0,0.0,0.0,0.0,0.0,0.0,0.0,0.0,0.0,0.0,0.0,0.0,0.0,0.0,0.0,0.0,0.0,0.0,U
0.6394229531288147,0.7528325319290161,-4.3259390736238856e-07,0.6473045349121094,0.6561915278434753,0.0009280124213546515,0.6697227358818054,0.557650625705719,-0.008752802386879921,0.6744831204414368,0.478348970413208,-0.025061478838324547,0.6779171824455261,0.4113219082355499,-0.04116809740662575,0.7602445483207703,0.6009067893028259,-0.0005840371013619006,0.8192681074142456,0.5524840950965881,-0.029657306149601936,0.8293574452400208,0.4939373731613159,-0.04439205676317215,0.8235208988189697,0.44289812445640564,-0.0511954091489315,0.7689893841743469,0.6509830355644226,-0.015673162415623665,0.7553828954696655,0.5533818602561951,-0.048048533499240875,0.7086511850357056,0.5851688981056213,-0.04864501953125,0.7006089687347412,0.6260782480239868,-0.04266808554530144,0.7694839835166931,0.7021319270133972,-0.03451749309897423,0.7441264390945435,0.6094940304756165,-0.06239601969718933,0.7028453946113586,0.6471439003944397,-0.04634089767932892,0.7020158171653748,0.6835103631019592,-0.030423004180192947,0.7647261023521423,0.7555398344993591,-0.054398950189352036,0.7488450407981873,0.670708417892456,-0.06789688020944595,0.716720461845398,0.6888861060142517,-0.05340476706624031,0.7138258218765259,0.722359836101532,-0.039593469351530075,0.0,0.0,0.0,0.0,0.0,0.0,0.0,0.0,0.0,0.0,0.0,0.0,0.0,0.0,0.0,0.0,0.0,0.0,0.0,0.0,0.0,0.0,0.0,0.0,0.0,0.0,0.0,0.0,0.0,0.0,0.0,0.0,0.0,0.0,0.0,0.0,0.0,0.0,0.0,0.0,0.0,0.0,0.0,0.0,0.0,0.0,0.0,0.0,0.0,0.0,0.0,0.0,0.0,0.0,0.0,0.0,0.0,0.0,0.0,0.0,0.0,0.0,0.0,U
0.6380096673965454,0.7573293447494507,-4.6689473265359993e-07,0.645977258682251,0.6561266183853149,0.0010363904293626547,0.6683887839317322,0.5563185214996338,-0.009194443002343178,0.6743456721305847,0.47729265689849854,-0.025963881984353065,0.6783618330955505,0.4097658395767212,-0.042144618928432465,0.7597963809967041,0.6014356017112732,-0.0037332093343138695,0.820777952671051,0.5518583059310913,-0.035320304334163666,0.8289263248443604,0.4937970042228699,-0.05131576210260391,0.8203274011611938,0.4434174597263336,-0.05837409198284149,0.7682022452354431,0.6535826325416565,-0.018556661903858185,0.7522706389427185,0.5561527013778687,-0.05150569975376129,0.7061573266983032,0.5894275903701782,-0.051960159093141556,0.7003767490386963,0.6302571892738342,-0.04644269868731499,0.7687984704971313,0.7049503326416016,-0.03720192611217499,0.742342472076416,0.6079978942871094,-0.06402423232793808,0.7011330723762512,0.646032452583313,-0.0473409965634346,0.7014364004135132,0.6832432150840759,-0.03191113471984863,0.7639474868774414,0.7570077180862427,-0.0570928193628788,0.7455689907073975,0.6682001948356628,-0.07035642117261887,0.7137324810028076,0.6864132285118103,-0.056295569986104965,0.7116396427154541,0.7201915383338928,-0.04297719523310661,0.0,0.0,0.0,0.0,0.0,0.0,0.0,0.0,0.0,0.0,0.0,0.0,0.0,0.0,0.0,0.0,0.0,0.0,0.0,0.0,0.0,0.0,0.0,0.0,0.0,0.0,0.0,0.0,0.0,0.0,0.0,0.0,0.0,0.0,0.0,0.0,0.0,0.0,0.0,0.0,0.0,0.0,0.0,0.0,0.0,0.0,0.0,0.0,0.0,0.0,0.0,0.0,0.0,0.0,0.0,0.0,0.0,0.0,0.0,0.0,0.0,0.0,0.0,U
0.6377682089805603,0.7553151845932007,-4.52833319286583e-07,0.6450833082199097,0.6552459597587585,-0.0026099556125700474,0.6666719913482666,0.5545307993888855,-0.01407743338495493,0.6712771654129028,0.47493454813957214,-0.031086590141057968,0.6739928722381592,0.4077727198600769,-0.04709663987159729,0.7598012685775757,0.5967608690261841,-0.007328845094889402,0.8198776245117188,0.5453261733055115,-0.03874264657497406,0.8254413604736328,0.4865334928035736,-0.05486182123422623,0.8136336803436279,0.4378338158130646,-0.062028832733631134,0.7685124278068542,0.6487830877304077,-0.019841764122247696,0.7502050995826721,0.5509420037269592,-0.0519387386739254,0.7059417963027954,0.5834076404571533,-0.052858203649520874,0.7012004256248474,0.6235775351524353,-0.048091351985931396,0.7686524987220764,0.7000483274459839,-0.03629082813858986,0.7380690574645996,0.6039143204689026,-0.062228474766016006,0.699515700340271,0.6413017511367798,-0.046758152544498444,0.7015395164489746,0.6776570677757263,-0.03246033564209938,0.7630702257156372,0.7511934638023376,-0.05430108681321144,0.7412509322166443,0.6618862152099609,-0.06716541945934296,0.7112506628036499,0.681082546710968,-0.053942084312438965,0.7104892134666443,0.7150233387947083,-0.0413227379322052,0.0,0.0,0.0,0.0,0.0,0.0,0.0,0.0,0.0,0.0,0.0,0.0,0.0,0.0,0.0,0.0,0.0,0.0,0.0,0.0,0.0,0.0,0.0,0.0,0.0,0.0,0.0,0.0,0.0,0.0,0.0,0.0,0.0,0.0,0.0,0.0,0.0,0.0,0.0,0.0,0.0,0.0,0.0,0.0,0.0,0.0,0.0,0.0,0.0,0.0,0.0,0.0,0.0,0.0,0.0,0.0,0.0,0.0,0.0,0.0,0.0,0.0,0.0,U
0.6371622681617737,0.7579787373542786,-4.536998687854066e-07,0.6439375877380371,0.654397189617157,-0.0021276746410876513,0.6649752259254456,0.5523946285247803,-0.013805984519422054,0.669213593006134,0.47437235713005066,-0.030994581058621407,0.6714792847633362,0.40858787298202515,-0.04710014909505844,0.7605908513069153,0.5972146391868591,-0.007482358254492283,0.8196927309036255,0.5428210496902466,-0.03819984197616577,0.8252310156822205,0.4831034243106842,-0.05384619161486626,0.8139484524726868,0.43409666419029236,-0.06101806461811066,0.7690746784210205,0.6500188708305359,-0.02056538127362728,0.7485730648040771,0.549857497215271,-0.05164949595928192,0.7045034766197205,0.5832422971725464,-0.05160972476005554,0.7014445066452026,0.6247743964195251,-0.04653496295213699,0.7678582072257996,0.7007569074630737,-0.03753595054149628,0.735764741897583,0.6021111011505127,-0.061781272292137146,0.6979851126670837,0.6387298703193665,-0.04495899751782417,0.7020896673202515,0.6746567487716675,-0.030551355332136154,0.7600377798080444,0.7497813105583191,-0.05616477504372597,0.7363905310630798,0.6590316891670227,-0.0680946335196495,0.7078422904014587,0.6786996722221375,-0.05418556183576584,0.7092338800430298,0.7131964564323425,-0.04150506854057312,0.0,0.0,0.0,0.0,0.0,0.0,0.0,0.0,0.0,0.0,0.0,0.0,0.0,0.0,0.0,0.0,0.0,0.0,0.0,0.0,0.0,0.0,0.0,0.0,0.0,0.0,0.0,0.0,0.0,0.0,0.0,0.0,0.0,0.0,0.0,0.0,0.0,0.0,0.0,0.0,0.0,0.0,0.0,0.0,0.0,0.0,0.0,0.0,0.0,0.0,0.0,0.0,0.0,0.0,0.0,0.0,0.0,0.0,0.0,0.0,0.0,0.0,0.0,U
0.6358771920204163,0.7551770210266113,-4.6195003733373596e-07,0.6441763043403625,0.6513717174530029,-0.0009234047611244023,0.6662057638168335,0.5514076948165894,-0.012369012460112572,0.6702678203582764,0.47565409541130066,-0.02964891493320465,0.6705332398414612,0.4090327024459839,-0.04606155306100845,0.7616089582443237,0.5979001522064209,-0.006250166799873114,0.8199589252471924,0.5450339913368225,-0.03660859167575836,0.8260149955749512,0.4849185347557068,-0.05192757397890091,0.8149775266647339,0.4344019889831543,-0.059062641113996506,0.769801914691925,0.6522157192230225,-0.020423131063580513,0.7490288019180298,0.5471484065055847,-0.05118053779006004,0.7045350074768066,0.580863356590271,-0.05049324780702591,0.7015182971954346,0.6235631108283997,-0.04510759934782982,0.7675650715827942,0.7032254934310913,-0.03852824866771698,0.7354337573051453,0.6001368165016174,-0.06333480775356293,0.6969250440597534,0.6375781297683716,-0.046146854758262634,0.7009020447731018,0.6744509935379028,-0.031506434082984924,0.758780300617218,0.752117931842804,-0.05813730135560036,0.7353695631027222,0.6581640839576721,-0.070933997631073,0.7062711715698242,0.6782947182655334,-0.057068292051553726,0.7074640393257141,0.713193953037262,-0.044529158622026443,0.0,0.0,0.0,0.0,0.0,0.0,0.0,0.0,0.0,0.0,0.0,0.0,0.0,0.0,0.0,0.0,0.0,0.0,0.0,0.0,0.0,0.0,0.0,0.0,0.0,0.0,0.0,0.0,0.0,0.0,0.0,0.0,0.0,0.0,0.0,0.0,0.0,0.0,0.0,0.0,0.0,0.0,0.0,0.0,0.0,0.0,0.0,0.0,0.0,0.0,0.0,0.0,0.0,0.0,0.0,0.0,0.0,0.0,0.0,0.0,0.0,0.0,0.0,U
0.636156439781189,0.7541067004203796,-4.591855713442783e-07,0.6443560123443604,0.65102618932724,-0.0033801989629864693,0.6666625738143921,0.5515491366386414,-0.015233170241117477,0.6718112826347351,0.47516167163848877,-0.03205493837594986,0.67283034324646,0.408282995223999,-0.04774457588791847,0.7621650695800781,0.5996648669242859,-0.009057123214006424,0.8218515515327454,0.5454081296920776,-0.03960653021931648,0.8273374438285828,0.4852837920188904,-0.05554191768169403,0.8161249160766602,0.4351390600204468,-0.06314042955636978,0.7708693742752075,0.654685378074646,-0.02147967554628849,0.7488510012626648,0.549220621585846,-0.05229264497756958,0.7058765888214111,0.580480694770813,-0.05299372598528862,0.7025572657585144,0.6216228008270264,-0.048931702971458435,0.768357515335083,0.7054466605186462,-0.03779945150017738,0.7336509823799133,0.6023110151290894,-0.06264204531908035,0.69638592004776,0.6383135914802551,-0.047024521976709366,0.6997358202934265,0.6742578148841858,-0.03356614708900452,0.7588157653808594,0.7524980902671814,-0.0557771772146225,0.7333272695541382,0.6577634811401367,-0.0691455751657486,0.7043967247009277,0.6773294806480408,-0.05655057728290558,0.704740583896637,0.7112529277801514,-0.04477943480014801,0.0,0.0,0.0,0.0,0.0,0.0,0.0,0.0,0.0,0.0,0.0,0.0,0.0,0.0,0.0,0.0,0.0,0.0,0.0,0.0,0.0,0.0,0.0,0.0,0.0,0.0,0.0,0.0,0.0,0.0,0.0,0.0,0.0,0.0,0.0,0.0,0.0,0.0,0.0,0.0,0.0,0.0,0.0,0.0,0.0,0.0,0.0,0.0,0.0,0.0,0.0,0.0,0.0,0.0,0.0,0.0,0.0,0.0,0.0,0.0,0.0,0.0,0.0,U
0.636299729347229,0.7538488507270813,-4.6318956492541474e-07,0.6443891525268555,0.6505113244056702,-0.0032552441116422415,0.6666555404663086,0.5502182245254517,-0.01582765206694603,0.6723299622535706,0.4748547077178955,-0.03361982852220535,0.6740449666976929,0.4074040949344635,-0.050165027379989624,0.7634491920471191,0.6008366346359253,-0.009755808860063553,0.8242404460906982,0.5460408329963684,-0.041404470801353455,0.8286788463592529,0.4845488369464874,-0.057551681995391846,0.8155955672264099,0.434718519449234,-0.06488420069217682,0.7707274556159973,0.656249463558197,-0.022683119401335716,0.7497085928916931,0.5507134795188904,-0.054533541202545166,0.7059056162834167,0.5811707973480225,-0.05512405186891556,0.7031948566436768,0.6221828460693359,-0.05057768151164055,0.7672958374023438,0.7071821689605713,-0.03958563506603241,0.7330769300460815,0.6019598245620728,-0.06497780978679657,0.6956197023391724,0.6386354565620422,-0.048636190593242645,0.7000635266304016,0.6759479641914368,-0.03444893658161163,0.7572186589241028,0.7544623017311096,-0.05815701186656952,0.7322054505348206,0.6563531756401062,-0.07165994495153427,0.703620195388794,0.6767674684524536,-0.058360323309898376,0.7051186561584473,0.7121055126190186,-0.045875634998083115,0.0,0.0,0.0,0.0,0.0,0.0,0.0,0.0,0.0,0.0,0.0,0.0,0.0,0.0,0.0,0.0,0.0,0.0,0.0,0.0,0.0,0.0,0.0,0.0,0.0,0.0,0.0,0.0,0.0,0.0,0.0,0.0,0.0,0.0,0.0,0.0,0.0,0.0,0.0,0.0,0.0,0.0,0.0,0.0,0.0,0.0,0.0,0.0,0.0,0.0,0.0,0.0,0.0,0.0,0.0,0.0,0.0,0.0,0.0,0.0,0.0,0.0,0.0,U
0.6361722350120544,0.7583083510398865,-4.792290724253689e-07,0.6445838809013367,0.6523961424827576,-0.002969189314171672,0.667188823223114,0.5514584183692932,-0.015363466925919056,0.6727434396743774,0.47617965936660767,-0.03298579156398773,0.6736516952514648,0.4095512926578522,-0.04940187558531761,0.7646018266677856,0.6030856370925903,-0.009831286035478115,0.8245896697044373,0.5457812547683716,-0.0415419302880764,0.8288588523864746,0.48409414291381836,-0.0583321787416935,0.8161808252334595,0.4338717758655548,-0.06626059859991074,0.7721110582351685,0.6582862734794617,-0.022757453843951225,0.7495145201683044,0.55342698097229,-0.05436336249113083,0.7062343955039978,0.5844922661781311,-0.055172644555568695,0.7037102580070496,0.625455915927887,-0.0511380210518837,0.768180787563324,0.7087838649749756,-0.03962238132953644,0.733490526676178,0.6036458611488342,-0.06435239315032959,0.6963605880737305,0.6391533017158508,-0.04808215796947479,0.700413167476654,0.6753777861595154,-0.03433990851044655,0.75715571641922,0.7547863125801086,-0.05823107808828354,0.7321796417236328,0.6581088900566101,-0.07129708677530289,0.7041893005371094,0.677108108997345,-0.05827076733112335,0.7055057287216187,0.7110874652862549,-0.046271391212940216,0.0,0.0,0.0,0.0,0.0,0.0,0.0,0.0,0.0,0.0,0.0,0.0,0.0,0.0,0.0,0.0,0.0,0.0,0.0,0.0,0.0,0.0,0.0,0.0,0.0,0.0,0.0,0.0,0.0,0.0,0.0,0.0,0.0,0.0,0.0,0.0,0.0,0.0,0.0,0.0,0.0,0.0,0.0,0.0,0.0,0.0,0.0,0.0,0.0,0.0,0.0,0.0,0.0,0.0,0.0,0.0,0.0,0.0,0.0,0.0,0.0,0.0,0.0,U
0.6361388564109802,0.7568666934967041,-4.686896204475488e-07,0.6448306441307068,0.6508033871650696,-0.004032471217215061,0.6676408648490906,0.5501131415367126,-0.016628608107566833,0.6728963255882263,0.47502636909484863,-0.03408670797944069,0.673944354057312,0.40826407074928284,-0.05018320679664612,0.7639256119728088,0.6027225852012634,-0.011163430288434029,0.8250044584274292,0.546898365020752,-0.0428798533976078,0.8290409445762634,0.48507174849510193,-0.05994747579097748,0.8167070150375366,0.4339204430580139,-0.06822327524423599,0.7717632055282593,0.6586627960205078,-0.02352260798215866,0.7488939762115479,0.5536147952079773,-0.05517980456352234,0.7069650888442993,0.5832648873329163,-0.056662920862436295,0.7048264741897583,0.6245589852333069,-0.05339289829134941,0.7676647901535034,0.7087944746017456,-0.03982240706682205,0.732652485370636,0.6048650145530701,-0.06456360965967178,0.6965522766113281,0.6393061876296997,-0.049016501754522324,0.7008917927742004,0.6753437519073486,-0.03591345623135567,0.7565208673477173,0.7541824579238892,-0.05793861672282219,0.7312408089637756,0.658981204032898,-0.07103080302476883,0.7037245631217957,0.6779354810714722,-0.05840727314352989,0.704984188079834,0.7116843461990356,-0.046802978962659836,0.0,0.0,0.0,0.0,0.0,0.0,0.0,0.0,0.0,0.0,0.0,0.0,0.0,0.0,0.0,0.0,0.0,0.0,0.0,0.0,0.0,0.0,0.0,0.0,0.0,0.0,0.0,0.0,0.0,0.0,0.0,0.0,0.0,0.0,0.0,0.0,0.0,0.0,0.0,0.0,0.0,0.0,0.0,0.0,0.0,0.0,0.0,0.0,0.0,0.0,0.0,0.0,0.0,0.0,0.0,0.0,0.0,0.0,0.0,0.0,0.0,0.0,0.0,U
0.6363446116447449,0.7600442171096802,-4.658621435282839e-07,0.6443959474563599,0.6514219641685486,-0.004008499439805746,0.6674917936325073,0.5499953627586365,-0.016063019633293152,0.673147439956665,0.4747887849807739,-0.03283549100160599,0.6738333702087402,0.4081411361694336,-0.04820036143064499,0.7646644711494446,0.6004766225814819,-0.010278303176164627,0.8243825435638428,0.5452343821525574,-0.04058403521776199,0.828063428401947,0.4832893908023834,-0.05759432166814804,0.8156916499137878,0.432000070810318,-0.06630347669124603,0.7730602025985718,0.6561545133590698,-0.022418096661567688,0.7468660473823547,0.5518312454223633,-0.05243796482682228,0.7065629363059998,0.5820496678352356,-0.05466517433524132,0.7047473192214966,0.6241046190261841,-0.052597202360630035,0.7680044770240784,0.7067523002624512,-0.03831208869814873,0.7300079464912415,0.6042734384536743,-0.06076634302735329,0.6958882808685303,0.6372794508934021,-0.04581920802593231,0.7006360292434692,0.67231684923172,-0.03395003825426102,0.7551958560943604,0.7521346211433411,-0.05621350184082985,0.7276473045349121,0.6593734622001648,-0.06744250655174255,0.70134037733078,0.6755759119987488,-0.05507764592766762,0.7028295993804932,0.7069576382637024,-0.04421115666627884,0.0,0.0,0.0,0.0,0.0,0.0,0.0,0.0,0.0,0.0,0.0,0.0,0.0,0.0,0.0,0.0,0.0,0.0,0.0,0.0,0.0,0.0,0.0,0.0,0.0,0.0,0.0,0.0,0.0,0.0,0.0,0.0,0.0,0.0,0.0,0.0,0.0,0.0,0.0,0.0,0.0,0.0,0.0,0.0,0.0,0.0,0.0,0.0,0.0,0.0,0.0,0.0,0.0,0.0,0.0,0.0,0.0,0.0,0.0,0.0,0.0,0.0,0.0,U
0.637417197227478,0.7601808905601501,-4.4421113898351905e-07,0.6451213359832764,0.650205135345459,-0.004039905499666929,0.6691017150878906,0.549528956413269,-0.016163811087608337,0.6756266951560974,0.4749794900417328,-0.033112067729234695,0.6763250827789307,0.4072263836860657,-0.04884857311844826,0.7662983536720276,0.5976712703704834,-0.009950755164027214,0.8248960375785828,0.5428229570388794,-0.039140891283750534,0.8294662833213806,0.48236608505249023,-0.05565379559993744,0.8173865079879761,0.431328684091568,-0.06438887119293213,0.7746285796165466,0.6537174582481384,-0.02233336679637432,0.7462989687919617,0.5494612455368042,-0.05143587291240692,0.7068803310394287,0.5791261792182922,-0.05371379479765892,0.705112874507904,0.620408833026886,-0.05198272317647934,0.7680700421333313,0.7040784358978271,-0.03835414722561836,0.7283384799957275,0.6016743183135986,-0.06014910340309143,0.695073664188385,0.6328030228614807,-0.045205891132354736,0.6992904543876648,0.6666216850280762,-0.03359055891633034,0.7532814741134644,0.7482137680053711,-0.05642997846007347,0.7243578433990479,0.6569618582725525,-0.06758446991443634,0.698429524898529,0.6717846989631653,-0.055239975452423096,0.6995639204978943,0.7017546892166138,-0.04444268345832825,0.0,0.0,0.0,0.0,0.0,0.0,0.0,0.0,0.0,0.0,0.0,0.0,0.0,0.0,0.0,0.0,0.0,0.0,0.0,0.0,0.0,0.0,0.0,0.0,0.0,0.0,0.0,0.0,0.0,0.0,0.0,0.0,0.0,0.0,0.0,0.0,0.0,0.0,0.0,0.0,0.0,0.0,0.0,0.0,0.0,0.0,0.0,0.0,0.0,0.0,0.0,0.0,0.0,0.0,0.0,0.0,0.0,0.0,0.0,0.0,0.0,0.0,0.0,U
0.6370868682861328,0.756545901298523,-4.6146104182298586e-07,0.6459426879882812,0.6470260620117188,-0.002075155032798648,0.6707748770713806,0.5474094748497009,-0.01390292402356863,0.6778795719146729,0.4744919538497925,-0.031092964112758636,0.6798235177993774,0.40672567486763,-0.04723077639937401,0.7683414220809937,0.6004142165184021,-0.010081860236823559,0.827619194984436,0.547064483165741,-0.04043898731470108,0.8319283127784729,0.485498309135437,-0.057165175676345825,0.8192042708396912,0.43333080410957336,-0.0657259151339531,0.7754119634628296,0.658496618270874,-0.02390519343316555,0.7466468214988708,0.5495321154594421,-0.054076310247182846,0.7066370248794556,0.5770596265792847,-0.05609581992030144,0.7045041918754578,0.6174023747444153,-0.053991325199604034,0.7676527500152588,0.7083255052566528,-0.04124496877193451,0.72740638256073,0.600917398929596,-0.06410035490989685,0.6937144994735718,0.6320297718048096,-0.048453252762556076,0.6976810097694397,0.6661271452903748,-0.03610007092356682,0.7521376013755798,0.7507666349411011,-0.06042713299393654,0.7236368060112,0.6569430232048035,-0.07269254326820374,0.6978115439414978,0.671295702457428,-0.06011199578642845,0.6989099383354187,0.7009415626525879,-0.048820871859788895,0.0,0.0,0.0,0.0,0.0,0.0,0.0,0.0,0.0,0.0,0.0,0.0,0.0,0.0,0.0,0.0,0.0,0.0,0.0,0.0,0.0,0.0,0.0,0.0,0.0,0.0,0.0,0.0,0.0,0.0,0.0,0.0,0.0,0.0,0.0,0.0,0.0,0.0,0.0,0.0,0.0,0.0,0.0,0.0,0.0,0.0,0.0,0.0,0.0,0.0,0.0,0.0,0.0,0.0,0.0,0.0,0.0,0.0,0.0,0.0,0.0,0.0,0.0,U
0.6369720697402954,0.7612295150756836,-4.615658895090746e-07,0.6462790369987488,0.6486039757728577,-0.002882501808926463,0.6721698641777039,0.5470658540725708,-0.015097161754965782,0.6799389719963074,0.47408756613731384,-0.03248896822333336,0.6810492277145386,0.4050365686416626,-0.048589322715997696,0.7701689600944519,0.6015658378601074,-0.011245998553931713,0.8282791972160339,0.547938883304596,-0.04164087027311325,0.8322448134422302,0.48553189635276794,-0.05822515860199928,0.820128321647644,0.43307843804359436,-0.06697512418031693,0.776568591594696,0.6590195298194885,-0.025099068880081177,0.7455824017524719,0.5479829907417297,-0.054790277034044266,0.7057203650474548,0.5785344243049622,-0.05627961456775665,0.7061029672622681,0.6203547716140747,-0.054202593863010406,0.7676289081573486,0.7086828947067261,-0.04260987043380737,0.7258476614952087,0.59976726770401,-0.0646640807390213,0.6932096481323242,0.6334632635116577,-0.04850281402468681,0.6992061138153076,0.6691370010375977,-0.03645985573530197,0.7507959604263306,0.7508706450462341,-0.06222384423017502,0.7218512892723083,0.655882716178894,-0.0745932012796402,0.6970195174217224,0.6717414259910583,-0.062414079904556274,0.6990374326705933,0.7022286057472229,-0.051713526248931885,0.0,0.0,0.0,0.0,0.0,0.0,0.0,0.0,0.0,0.0,0.0,0.0,0.0,0.0,0.0,0.0,0.0,0.0,0.0,0.0,0.0,0.0,0.0,0.0,0.0,0.0,0.0,0.0,0.0,0.0,0.0,0.0,0.0,0.0,0.0,0.0,0.0,0.0,0.0,0.0,0.0,0.0,0.0,0.0,0.0,0.0,0.0,0.0,0.0,0.0,0.0,0.0,0.0,0.0,0.0,0.0,0.0,0.0,0.0,0.0,0.0,0.0,0.0,U
0.6366052031517029,0.7625470161437988,-4.474177330848761e-07,0.6470604538917542,0.6488494277000427,-0.0034912682604044676,0.6725858449935913,0.5472159385681152,-0.01608291082084179,0.6793989539146423,0.47354137897491455,-0.03374160826206207,0.6804336309432983,0.4030478596687317,-0.05019534379243851,0.770129382610321,0.6020676493644714,-0.011183293536305428,0.8271266222000122,0.5487410426139832,-0.04116175323724747,0.8319845795631409,0.48682349920272827,-0.05807441473007202,0.8211639523506165,0.4333900213241577,-0.06734082102775574,0.7768217921257019,0.6599642634391785,-0.02467147447168827,0.7452965974807739,0.5502082109451294,-0.05422310531139374,0.7067572474479675,0.5803400278091431,-0.05639373138546944,0.7070965766906738,0.6208092570304871,-0.05497774854302406,0.7678303718566895,0.7094375491142273,-0.04177528992295265,0.7252414226531982,0.6005658507347107,-0.0636407807469368,0.69370037317276,0.6336574554443359,-0.0480317585170269,0.699282705783844,0.6680319905281067,-0.03645040839910507,0.7507580518722534,0.7506064772605896,-0.061039187014102936,0.7205125093460083,0.6568425297737122,-0.07332385331392288,0.6961249113082886,0.6721099615097046,-0.06141921132802963,0.6977502107620239,0.7009782195091248,-0.05096015706658363,0.0,0.0,0.0,0.0,0.0,0.0,0.0,0.0,0.0,0.0,0.0,0.0,0.0,0.0,0.0,0.0,0.0,0.0,0.0,0.0,0.0,0.0,0.0,0.0,0.0,0.0,0.0,0.0,0.0,0.0,0.0,0.0,0.0,0.0,0.0,0.0,0.0,0.0,0.0,0.0,0.0,0.0,0.0,0.0,0.0,0.0,0.0,0.0,0.0,0.0,0.0,0.0,0.0,0.0,0.0,0.0,0.0,0.0,0.0,0.0,0.0,0.0,0.0,U
0.636633574962616,0.7592524290084839,-4.5133592152524216e-07,0.6470014452934265,0.6472092866897583,-0.0030146935023367405,0.672076404094696,0.5455802083015442,-0.015567289665341377,0.6790482997894287,0.47195321321487427,-0.033203307539224625,0.6808547973632812,0.40337446331977844,-0.04944746941328049,0.7699960470199585,0.6005510687828064,-0.011515852995216846,0.8283195495605469,0.5470392107963562,-0.04192693158984184,0.8320841193199158,0.4846521019935608,-0.058604057878255844,0.8200144171714783,0.4315890669822693,-0.067429319024086,0.7762793898582458,0.6583435535430908,-0.025315377861261368,0.745974600315094,0.5459549427032471,-0.05533865839242935,0.7063443064689636,0.5758935809135437,-0.05716283246874809,0.7061299085617065,0.6176773309707642,-0.05524305999279022,0.7671770453453064,0.7078009843826294,-0.04273723438382149,0.7262542247772217,0.597185492515564,-0.06543153524398804,0.6939183473587036,0.6308189034461975,-0.04966278746724129,0.6997190713882446,0.666507363319397,-0.037634871900081635,0.7501825094223022,0.7498137354850769,-0.062156420201063156,0.721502959728241,0.6538776159286499,-0.07490243762731552,0.6965757012367249,0.669826090335846,-0.06273849308490753,0.6983146667480469,0.7000300288200378,-0.051886625587940216,0.0,0.0,0.0,0.0,0.0,0.0,0.0,0.0,0.0,0.0,0.0,0.0,0.0,0.0,0.0,0.0,0.0,0.0,0.0,0.0,0.0,0.0,0.0,0.0,0.0,0.0,0.0,0.0,0.0,0.0,0.0,0.0,0.0,0.0,0.0,0.0,0.0,0.0,0.0,0.0,0.0,0.0,0.0,0.0,0.0,0.0,0.0,0.0,0.0,0.0,0.0,0.0,0.0,0.0,0.0,0.0,0.0,0.0,0.0,0.0,0.0,0.0,0.0,U
0.6373461484909058,0.759718656539917,-4.471406498396391e-07,0.6472846269607544,0.6458992958068848,-0.0036665627267211676,0.6735331416130066,0.5444998145103455,-0.01606840081512928,0.6809566020965576,0.47086164355278015,-0.033442359417676926,0.6816578507423401,0.40087923407554626,-0.04951978102326393,0.7706448435783386,0.5996668338775635,-0.011188099160790443,0.8282784223556519,0.5475081205368042,-0.04090641811490059,0.8320067524909973,0.48493266105651855,-0.05757357180118561,0.8193982243537903,0.4314400851726532,-0.0665205791592598,0.7771160006523132,0.6571671962738037,-0.024338096380233765,0.7457477450370789,0.5484189987182617,-0.05351252853870392,0.707302987575531,0.5779996514320374,-0.05576414614915848,0.7074338793754578,0.6185165047645569,-0.054383136332035065,0.7677525281906128,0.7066492438316345,-0.04105030745267868,0.7244920134544373,0.5993121862411499,-0.062172215431928635,0.693312406539917,0.6317319869995117,-0.04666843265295029,0.6993992924690247,0.6654215455055237,-0.03529259189963341,0.750349760055542,0.7477107048034668,-0.05995810031890869,0.7194560766220093,0.655083179473877,-0.07147089391946793,0.6954889893531799,0.6702790260314941,-0.05940490961074829,0.6979596018791199,0.6987144947052002,-0.04893719032406807,0.0,0.0,0.0,0.0,0.0,0.0,0.0,0.0,0.0,0.0,0.0,0.0,0.0,0.0,0.0,0.0,0.0,0.0,0.0,0.0,0.0,0.0,0.0,0.0,0.0,0.0,0.0,0.0,0.0,0.0,0.0,0.0,0.0,0.0,0.0,0.0,0.0,0.0,0.0,0.0,0.0,0.0,0.0,0.0,0.0,0.0,0.0,0.0,0.0,0.0,0.0,0.0,0.0,0.0,0.0,0.0,0.0,0.0,0.0,0.0,0.0,0.0,0.0,U
0.6377406716346741,0.7608657479286194,-4.455523594515398e-07,0.6478186249732971,0.6479121446609497,-0.002667452907189727,0.6730532050132751,0.5455130934715271,-0.015068622305989265,0.6801984310150146,0.47197556495666504,-0.032772187143564224,0.6807728409767151,0.40207961201667786,-0.04918815568089485,0.7708115577697754,0.6005581617355347,-0.010547359474003315,0.8275905251502991,0.5468140244483948,-0.0402546301484108,0.8322535157203674,0.4844958484172821,-0.0566735677421093,0.8209657073020935,0.4312521815299988,-0.0655621662735939,0.7769442200660706,0.6577703952789307,-0.024706106632947922,0.7456872463226318,0.5489454865455627,-0.0541992150247097,0.7077286839485168,0.5792948603630066,-0.0561399906873703,0.708942174911499,0.6195020079612732,-0.0544867143034935,0.7676549553871155,0.7067404389381409,-0.04244662821292877,0.7241753339767456,0.599420964717865,-0.06410153210163116,0.6930466294288635,0.6337432861328125,-0.04839674383401871,0.7000599503517151,0.6683007478713989,-0.03681127727031708,0.7505043148994446,0.7474225163459778,-0.06231876090168953,0.7194942831993103,0.6549347043037415,-0.07445001602172852,0.6956889629364014,0.6716444492340088,-0.0625663623213768,0.6986293196678162,0.7009631395339966,-0.05218297988176346,0.0,0.0,0.0,0.0,0.0,0.0,0.0,0.0,0.0,0.0,0.0,0.0,0.0,0.0,0.0,0.0,0.0,0.0,0.0,0.0,0.0,0.0,0.0,0.0,0.0,0.0,0.0,0.0,0.0,0.0,0.0,0.0,0.0,0.0,0.0,0.0,0.0,0.0,0.0,0.0,0.0,0.0,0.0,0.0,0.0,0.0,0.0,0.0,0.0,0.0,0.0,0.0,0.0,0.0,0.0,0.0,0.0,0.0,0.0,0.0,0.0,0.0,0.0,U
0.6376530528068542,0.7609469890594482,-4.55833287560381e-07,0.6478713750839233,0.646962583065033,-0.0029639259446412325,0.6730228066444397,0.5448293089866638,-0.015742536634206772,0.6802721619606018,0.47098904848098755,-0.03369024768471718,0.6815809607505798,0.4007430672645569,-0.05034913122653961,0.7707003951072693,0.6018640398979187,-0.011906513012945652,0.8281445503234863,0.5479764938354492,-0.04276425391435623,0.8324138522148132,0.48529142141342163,-0.05971093103289604,0.8205220699310303,0.43127378821372986,-0.0687609612941742,0.7770428657531738,0.6602256894111633,-0.026075106114149094,0.7454623579978943,0.5492553114891052,-0.05658577382564545,0.7062029838562012,0.5806596875190735,-0.058410584926605225,0.7067379355430603,0.622131884098053,-0.05652187019586563,0.7678489089012146,0.7097250819206238,-0.04390433058142662,0.7252274751663208,0.5997695326805115,-0.06667444854974747,0.6931859850883484,0.6345753073692322,-0.05058754235506058,0.6997535228729248,0.669859766960144,-0.038533758372068405,0.7507308125495911,0.7507673501968384,-0.0638037919998169,0.7202038168907166,0.6558578610420227,-0.07695924490690231,0.6958657503128052,0.6727837324142456,-0.0650053471326828,0.6987019181251526,0.702894389629364,-0.05436291545629501,0.0,0.0,0.0,0.0,0.0,0.0,0.0,0.0,0.0,0.0,0.0,0.0,0.0,0.0,0.0,0.0,0.0,0.0,0.0,0.0,0.0,0.0,0.0,0.0,0.0,0.0,0.0,0.0,0.0,0.0,0.0,0.0,0.0,0.0,0.0,0.0,0.0,0.0,0.0,0.0,0.0,0.0,0.0,0.0,0.0,0.0,0.0,0.0,0.0,0.0,0.0,0.0,0.0,0.0,0.0,0.0,0.0,0.0,0.0,0.0,0.0,0.0,0.0,U
0.6376708745956421,0.7631003856658936,-4.4001592414133484e-07,0.6472973823547363,0.6484882831573486,-0.0036877652164548635,0.6725112795829773,0.5458801984786987,-0.016574645414948463,0.6796196699142456,0.47167831659317017,-0.03449932858347893,0.6812469959259033,0.40122297406196594,-0.05114850029349327,0.7702353000640869,0.6015132665634155,-0.011493533849716187,0.8268454074859619,0.5489963293075562,-0.041299089789390564,0.832383930683136,0.48730647563934326,-0.05799144133925438,0.8218987584114075,0.43315476179122925,-0.067252017557621,0.7770375609397888,0.658759593963623,-0.025161880999803543,0.7436367869377136,0.5494027137756348,-0.054701950401067734,0.7049283385276794,0.58087557554245,-0.05672657862305641,0.7060835361480713,0.6217952966690063,-0.0551580935716629,0.7677822113037109,0.7081027030944824,-0.042463354766368866,0.7227761149406433,0.6014893651008606,-0.06403164565563202,0.6918498277664185,0.6363504528999329,-0.04831811413168907,0.6993424892425537,0.6709377765655518,-0.036812733858823776,0.7504465579986572,0.749096691608429,-0.06198941543698311,0.7182037830352783,0.6574848890304565,-0.07421448826789856,0.6948332786560059,0.6748108863830566,-0.062478575855493546,0.6987325549125671,0.7043405771255493,-0.05219566822052002,0.0,0.0,0.0,0.0,0.0,0.0,0.0,0.0,0.0,0.0,0.0,0.0,0.0,0.0,0.0,0.0,0.0,0.0,0.0,0.0,0.0,0.0,0.0,0.0,0.0,0.0,0.0,0.0,0.0,0.0,0.0,0.0,0.0,0.0,0.0,0.0,0.0,0.0,0.0,0.0,0.0,0.0,0.0,0.0,0.0,0.0,0.0,0.0,0.0,0.0,0.0,0.0,0.0,0.0,0.0,0.0,0.0,0.0,0.0,0.0,0.0,0.0,0.0,U
0.63555508852005,0.759070873260498,-4.580161316880549e-07,0.646172285079956,0.6456888318061829,-0.003128011943772435,0.6718052625656128,0.5445370078086853,-0.015610352158546448,0.6786901354789734,0.4723842442035675,-0.03320298716425896,0.6797763109207153,0.4030614495277405,-0.04950196295976639,0.7698929309844971,0.6017677187919617,-0.01138528622686863,0.8264700174331665,0.5473859906196594,-0.04209814593195915,0.8308075070381165,0.4841293394565582,-0.05885882303118706,0.818671464920044,0.43064385652542114,-0.06774210184812546,0.7764163613319397,0.6605743765830994,-0.025472667068243027,0.7434380650520325,0.5462795495986938,-0.05572096258401871,0.7039106488227844,0.5776407718658447,-0.057362448424100876,0.7047984004020691,0.6196375489234924,-0.05524886026978493,0.7669001817703247,0.7106272578239441,-0.04329008609056473,0.7226293683052063,0.5985704064369202,-0.06654250621795654,0.6908143162727356,0.6337131261825562,-0.050829194486141205,0.6979051232337952,0.6693316698074341,-0.03881020471453667,0.7490883469581604,0.7521246671676636,-0.06311231106519699,0.7177541851997375,0.6556915044784546,-0.07680345326662064,0.6935025453567505,0.6735796332359314,-0.06500795483589172,0.6965121626853943,0.7044714093208313,-0.05434035509824753,0.0,0.0,0.0,0.0,0.0,0.0,0.0,0.0,0.0,0.0,0.0,0.0,0.0,0.0,0.0,0.0,0.0,0.0,0.0,0.0,0.0,0.0,0.0,0.0,0.0,0.0,0.0,0.0,0.0,0.0,0.0,0.0,0.0,0.0,0.0,0.0,0.0,0.0,0.0,0.0,0.0,0.0,0.0,0.0,0.0,0.0,0.0,0.0,0.0,0.0,0.0,0.0,0.0,0.0,0.0,0.0,0.0,0.0,0.0,0.0,0.0,0.0,0.0,U
0.6356915831565857,0.7656622529029846,-4.515855493991694e-07,0.6458352208137512,0.6479430198669434,-0.004798701964318752,0.6707342267036438,0.545574426651001,-0.018428083509206772,0.6772119402885437,0.47213807702064514,-0.036634985357522964,0.6780303716659546,0.40128812193870544,-0.05332896485924721,0.7686051726341248,0.6026946902275085,-0.014086386188864708,0.8254843354225159,0.5456946492195129,-0.04509805515408516,0.8276721835136414,0.48202288150787354,-0.062309641391038895,0.8136553168296814,0.42924606800079346,-0.07163114845752716,0.7751398086547852,0.6614192724227905,-0.02715541608631611,0.7432838678359985,0.5468488931655884,-0.05727001279592514,0.7040345072746277,0.5770624876022339,-0.059429675340652466,0.704437255859375,0.6197022199630737,-0.058174002915620804,0.7655674815177917,0.7114560604095459,-0.043955765664577484,0.7213439345359802,0.6004436612129211,-0.06587117910385132,0.6906498074531555,0.635419487953186,-0.05032128840684891,0.6980557441711426,0.6720386743545532,-0.039198074489831924,0.747641384601593,0.7526583671569824,-0.06298576295375824,0.7159844636917114,0.656313419342041,-0.07577047497034073,0.6925548911094666,0.6744558811187744,-0.06432988494634628,0.6965448260307312,0.7058242559432983,-0.05441637337207794,0.0,0.0,0.0,0.0,0.0,0.0,0.0,0.0,0.0,0.0,0.0,0.0,0.0,0.0,0.0,0.0,0.0,0.0,0.0,0.0,0.0,0.0,0.0,0.0,0.0,0.0,0.0,0.0,0.0,0.0,0.0,0.0,0.0,0.0,0.0,0.0,0.0,0.0,0.0,0.0,0.0,0.0,0.0,0.0,0.0,0.0,0.0,0.0,0.0,0.0,0.0,0.0,0.0,0.0,0.0,0.0,0.0,0.0,0.0,0.0,0.0,0.0,0.0,U
0.6362302899360657,0.7675460577011108,-4.5235307766233745e-07,0.6451295018196106,0.649326741695404,-0.003931826911866665,0.6679875254631042,0.5458465218544006,-0.018009979277849197,0.6732936501502991,0.47337326407432556,-0.03706802427768707,0.6740321516990662,0.4032125174999237,-0.05469673126935959,0.767967164516449,0.5982868671417236,-0.013574033975601196,0.8227340579032898,0.5377302169799805,-0.04490170627832413,0.8241521120071411,0.4750868082046509,-0.06233464181423187,0.8092283606529236,0.4247992932796478,-0.07177558541297913,0.775469183921814,0.6566336750984192,-0.027595937252044678,0.7405310869216919,0.5455399751663208,-0.05788358300924301,0.7017233967781067,0.5790489315986633,-0.05997828021645546,0.7036615610122681,0.6217408776283264,-0.05864202231168747,0.7666981220245361,0.7076326608657837,-0.04536057636141777,0.7196168899536133,0.6007217764854431,-0.06733829528093338,0.6894041299819946,0.6379352807998657,-0.05130486935377121,0.6980606317520142,0.6734879612922668,-0.03995245695114136,0.7495834231376648,0.7511544227600098,-0.06532681733369827,0.7145626544952393,0.6579128503799438,-0.07785256206989288,0.691670835018158,0.6788606643676758,-0.0659099891781807,0.6972559094429016,0.7100874185562134,-0.05573440343141556,0.0,0.0,0.0,0.0,0.0,0.0,0.0,0.0,0.0,0.0,0.0,0.0,0.0,0.0,0.0,0.0,0.0,0.0,0.0,0.0,0.0,0.0,0.0,0.0,0.0,0.0,0.0,0.0,0.0,0.0,0.0,0.0,0.0,0.0,0.0,0.0,0.0,0.0,0.0,0.0,0.0,0.0,0.0,0.0,0.0,0.0,0.0,0.0,0.0,0.0,0.0,0.0,0.0,0.0,0.0,0.0,0.0,0.0,0.0,0.0,0.0,0.0,0.0,U
0.6361285448074341,0.7617411017417908,-4.513642011261254e-07,0.6448605060577393,0.6497191786766052,-0.006539517547935247,0.6668171882629395,0.5470637083053589,-0.021060442551970482,0.67134690284729,0.4743613004684448,-0.039916206151247025,0.6708019971847534,0.40414291620254517,-0.05720094218850136,0.7681075930595398,0.5958980917930603,-0.01625879481434822,0.821297824382782,0.5299277901649475,-0.047637689858675,0.8195888996124268,0.4683603346347809,-0.06516825407743454,0.8027269244194031,0.4219125211238861,-0.07439262419939041,0.7757675051689148,0.6546887159347534,-0.02825271710753441,0.7394525408744812,0.5479013919830322,-0.05849575996398926,0.7018270492553711,0.5800282955169678,-0.061389364302158356,0.7041499614715576,0.6203488111495972,-0.060572702437639236,0.7670384645462036,0.7063474059104919,-0.043940454721450806,0.7188022136688232,0.6041193604469299,-0.06583729386329651,0.6894673705101013,0.6386494040489197,-0.05097222328186035,0.6975792050361633,0.6719935536384583,-0.04014010354876518,0.7501180171966553,0.7499667406082153,-0.06198005750775337,0.7156848311424255,0.6617043614387512,-0.07446815818548203,0.6928269267082214,0.6794999241828918,-0.06304925680160522,0.6969457268714905,0.708451509475708,-0.05296526476740837,0.0,0.0,0.0,0.0,0.0,0.0,0.0,0.0,0.0,0.0,0.0,0.0,0.0,0.0,0.0,0.0,0.0,0.0,0.0,0.0,0.0,0.0,0.0,0.0,0.0,0.0,0.0,0.0,0.0,0.0,0.0,0.0,0.0,0.0,0.0,0.0,0.0,0.0,0.0,0.0,0.0,0.0,0.0,0.0,0.0,0.0,0.0,0.0,0.0,0.0,0.0,0.0,0.0,0.0,0.0,0.0,0.0,0.0,0.0,0.0,0.0,0.0,0.0,U
0.6363201141357422,0.7646180391311646,-4.6138080733726383e-07,0.644126296043396,0.6481554508209229,-0.005325268022716045,0.6653477549552917,0.545387327671051,-0.019743092358112335,0.6691663861274719,0.4734204113483429,-0.03871866688132286,0.6689465045928955,0.40454423427581787,-0.05618574470281601,0.7659187912940979,0.5938230752944946,-0.015117689967155457,0.8201280832290649,0.5314531922340393,-0.046259235590696335,0.8197513222694397,0.4685473144054413,-0.06355955451726913,0.8016796708106995,0.4216015934944153,-0.07261377573013306,0.774745523929596,0.6523858904838562,-0.027757417410612106,0.7371694445610046,0.5449057817459106,-0.05742073431611061,0.6983122229576111,0.5771398544311523,-0.05944295600056648,0.6993938684463501,0.6195763349533081,-0.058119531720876694,0.7666999101638794,0.7045178413391113,-0.04411726072430611,0.718031644821167,0.6010658740997314,-0.06563904136419296,0.6881086230278015,0.6368131041526794,-0.050308603793382645,0.6964385509490967,0.671688437461853,-0.03946392238140106,0.7502608299255371,0.7501013278961182,-0.06270867586135864,0.7140777707099915,0.6594287157058716,-0.0750882476568222,0.6911684274673462,0.6787092089653015,-0.06357265263795853,0.6965857744216919,0.7091879844665527,-0.05363960936665535,0.0,0.0,0.0,0.0,0.0,0.0,0.0,0.0,0.0,0.0,0.0,0.0,0.0,0.0,0.0,0.0,0.0,0.0,0.0,0.0,0.0,0.0,0.0,0.0,0.0,0.0,0.0,0.0,0.0,0.0,0.0,0.0,0.0,0.0,0.0,0.0,0.0,0.0,0.0,0.0,0.0,0.0,0.0,0.0,0.0,0.0,0.0,0.0,0.0,0.0,0.0,0.0,0.0,0.0,0.0,0.0,0.0,0.0,0.0,0.0,0.0,0.0,0.0,U
0.6363202929496765,0.7640778422355652,-4.5556393502010906e-07,0.6439216136932373,0.6493436098098755,-0.006472150329500437,0.6650272607803345,0.5460231304168701,-0.02088828571140766,0.6685009598731995,0.4727533459663391,-0.039766449481248856,0.6663263440132141,0.40342268347740173,-0.05719512328505516,0.7660917639732361,0.5949305295944214,-0.01483307033777237,0.8182913064956665,0.527882993221283,-0.04552976414561272,0.816890299320221,0.46582627296447754,-0.06263623386621475,0.7999067902565002,0.4194304049015045,-0.07169994711875916,0.7746997475624084,0.6526529788970947,-0.02687615528702736,0.7365805506706238,0.5456628203392029,-0.05667593702673912,0.6987216472625732,0.5796317458152771,-0.05924919247627258,0.7007162570953369,0.6214066743850708,-0.05814625695347786,0.7665823698043823,0.7040880918502808,-0.04273741692304611,0.7165588140487671,0.6016098856925964,-0.06492640823125839,0.6872533559799194,0.6388782858848572,-0.050621699541807175,0.6957870125770569,0.6737322807312012,-0.04003497585654259,0.7499407529830933,0.748326301574707,-0.06088249012827873,0.7135458588600159,0.6594180464744568,-0.0737033560872078,0.6907703876495361,0.6797888278961182,-0.06285461038351059,0.6958253979682922,0.7105160355567932,-0.053188472986221313,0.0,0.0,0.0,0.0,0.0,0.0,0.0,0.0,0.0,0.0,0.0,0.0,0.0,0.0,0.0,0.0,0.0,0.0,0.0,0.0,0.0,0.0,0.0,0.0,0.0,0.0,0.0,0.0,0.0,0.0,0.0,0.0,0.0,0.0,0.0,0.0,0.0,0.0,0.0,0.0,0.0,0.0,0.0,0.0,0.0,0.0,0.0,0.0,0.0,0.0,0.0,0.0,0.0,0.0,0.0,0.0,0.0,0.0,0.0,0.0,0.0,0.0,0.0,U
0.635877788066864,0.7611408829689026,-4.601354248734424e-07,0.6436942219734192,0.6497385501861572,-0.005514433607459068,0.6650465130805969,0.5469920039176941,-0.020231567323207855,0.6684078574180603,0.47397589683532715,-0.0396869033575058,0.6665087938308716,0.4035016894340515,-0.05785493552684784,0.7658617496490479,0.5946662425994873,-0.015340457670390606,0.8188971281051636,0.5283511877059937,-0.04664057865738869,0.8174868226051331,0.4659668207168579,-0.0637628436088562,0.7998825907707214,0.4197818338871002,-0.07268431782722473,0.7741378545761108,0.6533553004264832,-0.028195757418870926,0.7371249198913574,0.5467685461044312,-0.058737363666296005,0.6980808973312378,0.5797508955001831,-0.061161819845438004,0.6996646523475647,0.6211099624633789,-0.05978436768054962,0.7658679485321045,0.7059317827224731,-0.0447394922375679,0.7164482474327087,0.6033504605293274,-0.06743209809064865,0.6859949231147766,0.6398298740386963,-0.05230707302689552,0.6942530274391174,0.6746646761894226,-0.04107699915766716,0.7494282126426697,0.7509560585021973,-0.06343716382980347,0.7139655351638794,0.6595494151115417,-0.07662606239318848,0.6903297305107117,0.6795308589935303,-0.0650276392698288,0.6952475905418396,0.7108665108680725,-0.054726384580135345,0.0,0.0,0.0,0.0,0.0,0.0,0.0,0.0,0.0,0.0,0.0,0.0,0.0,0.0,0.0,0.0,0.0,0.0,0.0,0.0,0.0,0.0,0.0,0.0,0.0,0.0,0.0,0.0,0.0,0.0,0.0,0.0,0.0,0.0,0.0,0.0,0.0,0.0,0.0,0.0,0.0,0.0,0.0,0.0,0.0,0.0,0.0,0.0,0.0,0.0,0.0,0.0,0.0,0.0,0.0,0.0,0.0,0.0,0.0,0.0,0.0,0.0,0.0,U
0.6347734928131104,0.7585128545761108,-4.5057160491523973e-07,0.6429160833358765,0.6475996971130371,-0.006196270231157541,0.6644626259803772,0.5466967821121216,-0.021562904119491577,0.6685751080513,0.4751729369163513,-0.04156382009387016,0.6658977270126343,0.4053993225097656,-0.06012707203626633,0.7659040093421936,0.5960131883621216,-0.016750657930970192,0.8195756673812866,0.5284225344657898,-0.04851141944527626,0.8179922699928284,0.4659990966320038,-0.06561113893985748,0.7997991442680359,0.4211442470550537,-0.07436837255954742,0.7742131352424622,0.655755341053009,-0.02924705296754837,0.7365708947181702,0.5489056706428528,-0.060310009866952896,0.6976168751716614,0.5810362100601196,-0.06255009770393372,0.7000203132629395,0.6218054890632629,-0.06088639795780182,0.7658756971359253,0.7083468437194824,-0.04543173685669899,0.7151950597763062,0.6057779788970947,-0.06776109337806702,0.6853923797607422,0.641279399394989,-0.052160266786813736,0.694385290145874,0.67503821849823,-0.04070788621902466,0.7493710517883301,0.7523858547210693,-0.06392686814069748,0.7121877670288086,0.6615137457847595,-0.0768103152513504,0.6897493600845337,0.6817448139190674,-0.06517747789621353,0.6960912346839905,0.7125110626220703,-0.05481593310832977,0.0,0.0,0.0,0.0,0.0,0.0,0.0,0.0,0.0,0.0,0.0,0.0,0.0,0.0,0.0,0.0,0.0,0.0,0.0,0.0,0.0,0.0,0.0,0.0,0.0,0.0,0.0,0.0,0.0,0.0,0.0,0.0,0.0,0.0,0.0,0.0,0.0,0.0,0.0,0.0,0.0,0.0,0.0,0.0,0.0,0.0,0.0,0.0,0.0,0.0,0.0,0.0,0.0,0.0,0.0,0.0,0.0,0.0,0.0,0.0,0.0,0.0,0.0,U
0.6343569755554199,0.7626158595085144,-4.651315919090848e-07,0.6430447101593018,0.649832010269165,-0.0065685417503118515,0.6651036143302917,0.5468434691429138,-0.0214152242988348,0.6685091257095337,0.4731312692165375,-0.040669996291399,0.6659829020500183,0.40329304337501526,-0.058463409543037415,0.7662448883056641,0.5984189510345459,-0.016046451404690742,0.8199641108512878,0.5340462327003479,-0.04749598726630211,0.8198273181915283,0.47219470143318176,-0.06463473290205002,0.804064929485321,0.42432862520217896,-0.0736604705452919,0.7748927474021912,0.656795084476471,-0.02838856913149357,0.7365723848342896,0.5495492815971375,-0.05943310633301735,0.6968693733215332,0.5824868083000183,-0.062054309993982315,0.6985991597175598,0.6233755350112915,-0.06070033833384514,0.7667041420936584,0.7091909646987915,-0.04449932277202606,0.7157242298126221,0.6068325638771057,-0.06735002249479294,0.6849287152290344,0.6440256237983704,-0.0522976778447628,0.6937133073806763,0.6785638332366943,-0.04111544042825699,0.7502000331878662,0.754275381565094,-0.06293313205242157,0.7134478092193604,0.6624472737312317,-0.07620250433683395,0.6895716786384583,0.6834882497787476,-0.06479010730981827,0.694789707660675,0.7151015400886536,-0.054597578942775726,0.0,0.0,0.0,0.0,0.0,0.0,0.0,0.0,0.0,0.0,0.0,0.0,0.0,0.0,0.0,0.0,0.0,0.0,0.0,0.0,0.0,0.0,0.0,0.0,0.0,0.0,0.0,0.0,0.0,0.0,0.0,0.0,0.0,0.0,0.0,0.0,0.0,0.0,0.0,0.0,0.0,0.0,0.0,0.0,0.0,0.0,0.0,0.0,0.0,0.0,0.0,0.0,0.0,0.0,0.0,0.0,0.0,0.0,0.0,0.0,0.0,0.0,0.0,U
